"codeintervention","niveau","lieu","longitude","latitude","probleme","imagepro1","imagepro2","solution","piecejointe","datedebrepa","datefinrepa","reparation","imagerepa1","imagerepa2","motif","record","agentresponsable","agentoperationnel","agentreparation","codecintervention","codeprojet","datecrea","dateupda","etat","card","ord","motifsuspension","operateur","codesoustraitant","datedeb","duree","dateinterv","imagepro3","imagepro4","imagepro5","imagepro6","imagepro7","imagepro8","imagepro9","imagepro10","imagerepa3","imagerepa4","imagerepa5","imagerepa6","imagerepa7","imagerepa8","imagerepa9","imagerepa10"
"intrv101020240000001",False,"Douala","0","0","Recyclage sm1",NULL,NULL,"",NULL,NULL,NULL,NULL,NULL,NULL,NULL,NULL,"agent572024000000001","agent572024000000001","agent572024000000001","cintr128202400000001","projt572024000000001","2024-10-10 07:59:00.639014","2024-10-10 08:01:18.61646",2,0,56,NULL,0,NULL,"2024-10-18 07:00:00","04:00:00","2024-10-18 11:00:00",NULL,NULL,NULL,NULL,NULL,NULL,NULL,NULL,NULL,NULL,NULL,NULL,NULL,NULL,NULL,NULL
"intrv101020240000002",False,"Douala","0","0","Recyclage sm3",NULL,NULL,"",NULL,NULL,NULL,NULL,NULL,NULL,NULL,NULL,"agent572024000000001","agent572024000000001","agent572024000000002","cintr128202400000001","projt572024000000001","2024-10-10 08:00:05.317486","2024-10-10 08:02:05.050423",2,0,57,NULL,0,NULL,"2024-10-20 07:00:00","04:00:00","2024-10-20 11:00:00",NULL,NULL,NULL,NULL,NULL,NULL,NULL,NULL,NULL,NULL,NULL,NULL,NULL,NULL,NULL,NULL
"intrv101020240000003",False,"Douala","0","0","recyclage sm2",NULL,NULL,"",NULL,NULL,NULL,NULL,NULL,NULL,NULL,NULL,"agent572024000000001","agent572024000000001","agent572024000000001","cintr128202400000001","projt572024000000001","2024-10-10 08:04:48.586346","2024-10-10 08:05:28.776182",2,0,58,NULL,0,NULL,"2024-10-22 07:00:00","04:00:00","2024-10-22 11:00:00",NULL,NULL,NULL,NULL,NULL,NULL,NULL,NULL,NULL,NULL,NULL,NULL,NULL,NULL,NULL,NULL
"intrv101020240000004",False,"Kribi","0","0","recyclage",NULL,NULL,"",NULL,NULL,NULL,NULL,NULL,NULL,NULL,NULL,"agent572024000000001","agent572024000000001","agent572024000000002","cintr128202400000001","projt572024000000002","2024-10-10 08:06:08.580541","2024-10-10 08:07:25.837326",2,0,59,NULL,0,NULL,"2024-10-22 07:00:00","04:00:00","2024-10-22 11:00:00",NULL,NULL,NULL,NULL,NULL,NULL,NULL,NULL,NULL,NULL,NULL,NULL,NULL,NULL,NULL,NULL
"intrv101020240000005",False,"Kribi","0","0","Recyclage",NULL,NULL,"",NULL,NULL,NULL,NULL,NULL,NULL,NULL,NULL,"agent572024000000001","agent572024000000001","agent572024000000002","cintr128202400000001","projt572024000000002","2024-10-10 08:06:37.29943","2024-10-10 08:08:50.489661",2,0,60,NULL,0,NULL,"2024-10-22 07:00:00","04:00:00","2024-10-22 11:00:00",NULL,NULL,NULL,NULL,NULL,NULL,NULL,NULL,NULL,NULL,NULL,NULL,NULL,NULL,NULL,NULL
"intrv101020240000006",False,"Kribi","0","0","Recyclage",NULL,NULL,"",NULL,NULL,NULL,NULL,NULL,NULL,NULL,NULL,"agent572024000000001","agent572024000000001","agent572024000000001","cintr128202400000001","projt572024000000002","2024-10-10 08:08:10.587375","2024-10-10 08:09:41.836916",2,0,61,NULL,0,NULL,"2024-10-24 07:00:00","04:00:00","2024-10-24 11:00:00",NULL,NULL,NULL,NULL,NULL,NULL,NULL,NULL,NULL,NULL,NULL,NULL,NULL,NULL,NULL,NULL
"intrv101020240000007",False,"Douala","0","0","intrusion avec pirogue",NULL,NULL,"",NULL,NULL,NULL,NULL,NULL,NULL,NULL,NULL,"agent572024000000001","agent572024000000001","agent572024000000001","cintr992024000000001","projt572024000000001","2024-10-10 08:11:38.03687","2024-10-10 08:12:18.752472",2,0,62,NULL,0,NULL,"2024-10-19 23:00:00","04:00:00","2024-10-20 03:00:00",NULL,NULL,NULL,NULL,NULL,NULL,NULL,NULL,NULL,NULL,NULL,NULL,NULL,NULL,NULL,NULL
"intrv101020240000008",False,"Kribi","0","0","intrusion",NULL,NULL,NULL,NULL,NULL,NULL,NULL,NULL,NULL,NULL,NULL,NULL,"agent572024000000001",NULL,"cintr992024000000001","projt572024000000002","2024-10-10 08:13:46.638713",NULL,1,0,63,NULL,NULL,NULL,NULL,NULL,NULL,NULL,NULL,NULL,NULL,NULL,NULL,NULL,NULL,NULL,NULL,NULL,NULL,NULL,NULL,NULL,NULL
"intrv101020240000009",False,"Douala","0","0","reclycage",NULL,NULL,"",NULL,NULL,NULL,NULL,NULL,NULL,NULL,NULL,"agent572024000000001","agent572024000000001","agent572024000000002","cintr128202400000001","projt572024000000001","2024-10-10 11:42:18.75842","2024-10-10 11:43:10.133609",2,0,64,NULL,0,NULL,"2025-01-07 08:00:00","04:00:00","2025-01-07 12:00:00",NULL,NULL,NULL,NULL,NULL,NULL,NULL,NULL,NULL,NULL,NULL,NULL,NULL,NULL,NULL,NULL
"intrv101020240000010",False,"Douala","0","0","recyclage shift 1",NULL,NULL,"",NULL,NULL,NULL,NULL,NULL,NULL,NULL,NULL,"agent572024000000001","agent572024000000001","agent572024000000002","cintr128202400000001","projt572024000000001","2024-10-10 11:50:33.749024","2024-10-10 12:12:14.411135",2,0,65,NULL,0,NULL,"2025-02-13 08:00:00","04:00:00","2025-02-13 12:00:00",NULL,NULL,NULL,NULL,NULL,NULL,NULL,NULL,NULL,NULL,NULL,NULL,NULL,NULL,NULL,NULL
"intrv101020240000011",False,"Douala","0","0","shift 1 recyclage ",NULL,NULL,"",NULL,NULL,NULL,NULL,NULL,NULL,NULL,NULL,"agent572024000000001","agent572024000000001","agent572024000000002","cintr128202400000001","projt572024000000001","2024-10-10 12:15:27.262516","2024-10-10 12:16:37.045604",2,0,66,NULL,0,NULL,"2025-03-13 08:00:00","04:00:00","2025-03-13 12:00:00",NULL,NULL,NULL,NULL,NULL,NULL,NULL,NULL,NULL,NULL,NULL,NULL,NULL,NULL,NULL,NULL
"intrv101020240000012",False,"Douala ","0","0","shift 1 exercice ",NULL,NULL,"",NULL,NULL,NULL,NULL,NULL,NULL,NULL,NULL,"agent572024000000001","agent572024000000001","agent572024000000002","cintr992024000000001","projt572024000000001","2024-10-10 12:20:52.335287","2024-10-10 12:21:53.149402",2,0,67,NULL,0,NULL,"2025-03-20 08:00:00","04:00:00","2025-03-20 12:00:00",NULL,NULL,NULL,NULL,NULL,NULL,NULL,NULL,NULL,NULL,NULL,NULL,NULL,NULL,NULL,NULL
"intrv101020240000013",False,"Douala ","0","0","shift 1 recyclage ",NULL,NULL,"",NULL,NULL,NULL,NULL,NULL,NULL,NULL,NULL,"agent572024000000001","agent572024000000001","agent572024000000002","cintr128202400000001","projt572024000000001","2024-10-10 12:23:24.466509","2024-10-10 12:24:45.664629",2,0,68,NULL,0,NULL,"2025-04-12 07:00:00","04:00:00","2025-04-12 11:00:00",NULL,NULL,NULL,NULL,NULL,NULL,NULL,NULL,NULL,NULL,NULL,NULL,NULL,NULL,NULL,NULL
"intrv101020240000014",False,"Douala","0","0","Shift 1 recyclage ",NULL,NULL,"",NULL,NULL,NULL,NULL,NULL,NULL,NULL,NULL,"agent572024000000001","agent572024000000001","agent572024000000002","cintr128202400000001","projt572024000000001","2024-10-10 12:25:32.54522","2024-10-10 12:26:18.485189",2,0,69,NULL,0,NULL,"2025-05-12 07:00:00","04:00:00","2025-05-12 11:00:00",NULL,NULL,NULL,NULL,NULL,NULL,NULL,NULL,NULL,NULL,NULL,NULL,NULL,NULL,NULL,NULL
"intrv101020240000015",False,"Douala ","0","0","Shift 1 recyclage ",NULL,NULL,"",NULL,NULL,NULL,NULL,NULL,NULL,NULL,NULL,"agent572024000000001","agent572024000000001","agent572024000000002","cintr128202400000001","projt572024000000001","2024-10-10 12:27:04.427715","2024-10-10 12:28:05.356586",2,0,70,NULL,0,NULL,"2025-06-11 07:00:00","04:00:00","2025-06-11 11:00:00",NULL,NULL,NULL,NULL,NULL,NULL,NULL,NULL,NULL,NULL,NULL,NULL,NULL,NULL,NULL,NULL
"intrv101020240000016",False,"Douala ","0","0","Shift 1 Exercice ",NULL,NULL,"",NULL,NULL,NULL,NULL,NULL,NULL,NULL,NULL,"agent572024000000001","agent572024000000001","agent572024000000002","cintr992024000000001","projt572024000000001","2024-10-10 12:29:43.514925","2024-10-10 12:30:43.875646",2,0,71,NULL,0,NULL,"2025-06-26 07:00:00","04:00:00","2025-06-26 11:00:00",NULL,NULL,NULL,NULL,NULL,NULL,NULL,NULL,NULL,NULL,NULL,NULL,NULL,NULL,NULL,NULL
"intrv101020240000017",False,"Douala","0","0","Shift 1 recyclage ",NULL,NULL,"",NULL,NULL,NULL,NULL,NULL,NULL,NULL,NULL,"agent572024000000001","agent572024000000001","agent572024000000002","cintr128202400000001","projt572024000000001","2024-10-10 12:31:31.217987","2024-10-10 12:32:38.576043",2,0,72,NULL,0,NULL,"2025-07-11 07:00:00","04:00:00","2025-07-11 11:00:00",NULL,NULL,NULL,NULL,NULL,NULL,NULL,NULL,NULL,NULL,NULL,NULL,NULL,NULL,NULL,NULL
"intrv101020240000018",False,"Douala","0","0","Shift 1 recyclage ",NULL,NULL,"",NULL,NULL,NULL,NULL,NULL,NULL,NULL,NULL,"agent572024000000001","agent572024000000001","agent572024000000002","cintr128202400000001","projt572024000000001","2024-10-10 12:33:36.314171","2024-10-10 12:34:26.313032",2,0,73,NULL,0,NULL,"2025-08-10 07:00:00","04:00:00","2025-08-10 11:00:00",NULL,NULL,NULL,NULL,NULL,NULL,NULL,NULL,NULL,NULL,NULL,NULL,NULL,NULL,NULL,NULL
"intrv101020240000019",False,"Douala ","0","0","Shift 1 recyclage ",NULL,NULL,"",NULL,NULL,NULL,NULL,NULL,NULL,NULL,NULL,"agent572024000000001","agent572024000000001","agent572024000000002","cintr128202400000001","projt572024000000001","2024-10-10 12:35:16.487417","2024-10-10 12:36:11.594984",2,0,74,NULL,0,NULL,"2025-09-09 07:00:00","04:00:00","2025-09-09 11:00:00",NULL,NULL,NULL,NULL,NULL,NULL,NULL,NULL,NULL,NULL,NULL,NULL,NULL,NULL,NULL,NULL
"intrv101020240000020",False,"Douala ","0","0","Shift 1 exercice ",NULL,NULL,"",NULL,NULL,NULL,NULL,NULL,NULL,NULL,NULL,"agent572024000000001","agent572024000000001","agent572024000000002","cintr992024000000001","projt572024000000001","2024-10-10 12:37:06.380359","2024-10-10 12:37:49.381601",2,0,75,NULL,0,NULL,"2025-09-15 07:00:00","04:00:00","2025-09-15 11:00:00",NULL,NULL,NULL,NULL,NULL,NULL,NULL,NULL,NULL,NULL,NULL,NULL,NULL,NULL,NULL,NULL
"intrv101020240000021",False,"Douala","0","0","Shift 1 recyclage ",NULL,NULL,"",NULL,NULL,NULL,NULL,NULL,NULL,NULL,NULL,"agent572024000000001","agent572024000000001","agent572024000000002","cintr128202400000001","projt572024000000001","2024-10-10 12:38:27.919587","2024-10-10 12:39:11.940124",2,0,76,NULL,0,NULL,"2025-10-09 07:00:00","04:00:00","2025-10-09 11:00:00",NULL,NULL,NULL,NULL,NULL,NULL,NULL,NULL,NULL,NULL,NULL,NULL,NULL,NULL,NULL,NULL
"intrv101020240000022",False,"Douala","0","0","Shift 1 recyclage ",NULL,NULL,"",NULL,NULL,NULL,NULL,NULL,NULL,NULL,NULL,"agent572024000000001","agent572024000000001","agent572024000000002","cintr128202400000001","projt572024000000001","2024-10-10 12:39:54.787329","2024-10-10 12:40:33.859101",2,0,77,NULL,0,NULL,"2025-11-08 08:00:00","04:00:00","2025-11-08 12:00:00",NULL,NULL,NULL,NULL,NULL,NULL,NULL,NULL,NULL,NULL,NULL,NULL,NULL,NULL,NULL,NULL
"intrv101020240000023",False,"Douala ","0","0","Shift 1 recyclage ",NULL,NULL,"",NULL,NULL,NULL,NULL,NULL,NULL,NULL,NULL,"agent572024000000001","agent572024000000001","agent572024000000002","cintr128202400000001",NULL,"2024-10-10 12:41:12.256578","2024-10-10 12:41:52.064634",2,0,78,NULL,0,NULL,"2025-12-08 08:00:00","04:00:00","2025-12-08 12:00:00",NULL,NULL,NULL,NULL,NULL,NULL,NULL,NULL,NULL,NULL,NULL,NULL,NULL,NULL,NULL,NULL
"intrv101020240000024",False,"Douala ","0","0","Shift 1 exercice ",NULL,NULL,"",NULL,NULL,NULL,NULL,NULL,NULL,NULL,NULL,"agent572024000000001","agent572024000000001","agent572024000000002","cintr992024000000001","projt572024000000001","2024-10-10 12:42:33.663392","2024-10-10 12:43:16.606623",2,0,79,NULL,0,NULL,"2025-12-15 08:00:00","04:00:00","2025-12-15 12:00:00",NULL,NULL,NULL,NULL,NULL,NULL,NULL,NULL,NULL,NULL,NULL,NULL,NULL,NULL,NULL,NULL
"intrv101020240000025",False,"Douala","0","0","Shift 2 recyclage ",NULL,NULL,"",NULL,NULL,NULL,NULL,NULL,NULL,NULL,NULL,"agent572024000000001","agent572024000000001","agent572024000000002","cintr128202400000001","projt572024000000001","2024-10-10 12:44:14.48727","2024-10-10 12:44:57.624777",2,0,80,NULL,0,NULL,"2025-01-05 08:00:00","04:00:00","2025-01-05 12:00:00",NULL,NULL,NULL,NULL,NULL,NULL,NULL,NULL,NULL,NULL,NULL,NULL,NULL,NULL,NULL,NULL
"intrv101020240000026",False,"Douala","0","0","Shift 2 exercice ",NULL,NULL,"",NULL,NULL,NULL,NULL,NULL,NULL,NULL,NULL,"agent572024000000001","agent572024000000001","agent572024000000002","cintr992024000000001","projt572024000000001","2024-10-10 12:45:42.030006","2024-10-10 12:46:30.531018",2,0,81,NULL,0,NULL,"2025-01-10 08:00:00","04:00:00","2025-01-10 12:00:00",NULL,NULL,NULL,NULL,NULL,NULL,NULL,NULL,NULL,NULL,NULL,NULL,NULL,NULL,NULL,NULL
"intrv101020240000027",False,"Douala","0","0","Shift 2 recyclage ",NULL,NULL,"",NULL,NULL,NULL,NULL,NULL,NULL,NULL,NULL,"agent572024000000001","agent572024000000001","agent572024000000002","cintr128202400000001","projt572024000000001","2024-10-10 12:47:31.027215","2024-10-10 12:48:23.146584",2,0,82,NULL,0,NULL,"2025-02-11 08:00:00","04:00:00","2025-02-11 12:00:00",NULL,NULL,NULL,NULL,NULL,NULL,NULL,NULL,NULL,NULL,NULL,NULL,NULL,NULL,NULL,NULL
"intrv101020240000028",False,"Douala","0","0","Shift 2 recyclage ",NULL,NULL,"",NULL,NULL,NULL,NULL,NULL,NULL,NULL,NULL,"agent572024000000001","agent572024000000001","agent572024000000002","cintr128202400000001","projt572024000000001","2024-10-10 12:49:13.54011","2024-10-10 12:49:48.758961",2,0,83,NULL,0,NULL,"2025-03-11 08:00:00","04:00:00","2025-03-11 12:00:00",NULL,NULL,NULL,NULL,NULL,NULL,NULL,NULL,NULL,NULL,NULL,NULL,NULL,NULL,NULL,NULL
"intrv101020240000029",False,"Douala","0","0","Shift 2 recyclage",NULL,NULL,"",NULL,NULL,NULL,NULL,NULL,NULL,NULL,NULL,"agent572024000000001","agent572024000000001","agent572024000000002","cintr128202400000001","projt572024000000001","2024-10-10 12:50:38.756122","2024-10-10 12:51:19.967175",2,0,84,NULL,0,NULL,"2025-04-10 07:00:00","04:00:00","2025-04-10 11:00:00",NULL,NULL,NULL,NULL,NULL,NULL,NULL,NULL,NULL,NULL,NULL,NULL,NULL,NULL,NULL,NULL
"intrv101020240000030",False,"Douala ","0","0","Shift 2 exercice",NULL,NULL,"",NULL,NULL,NULL,NULL,NULL,NULL,NULL,NULL,"agent572024000000001","agent572024000000001","agent572024000000002","cintr992024000000001","projt572024000000001","2024-10-10 12:52:13.381258","2024-10-10 12:52:54.174546",2,0,85,NULL,0,NULL,"2025-04-22 07:00:00","04:00:00","2025-04-22 11:00:00",NULL,NULL,NULL,NULL,NULL,NULL,NULL,NULL,NULL,NULL,NULL,NULL,NULL,NULL,NULL,NULL
"intrv101020240000031",False,"Douala","0","0","Shift 2 recyclage ",NULL,NULL,"",NULL,NULL,NULL,NULL,NULL,NULL,NULL,NULL,"agent572024000000001","agent572024000000001","agent572024000000002","cintr128202400000001","projt572024000000001","2024-10-10 12:53:57.089373","2024-10-10 12:54:42.571611",2,0,86,NULL,0,NULL,"2025-05-10 07:00:00","04:00:00","2025-05-10 11:00:00",NULL,NULL,NULL,NULL,NULL,NULL,NULL,NULL,NULL,NULL,NULL,NULL,NULL,NULL,NULL,NULL
"intrv101020240000032",False,"Douala","0","0","Shift 2 recyclage ",NULL,NULL,"",NULL,NULL,NULL,NULL,NULL,NULL,NULL,NULL,"agent572024000000001","agent572024000000001","agent572024000000002","cintr128202400000001","projt572024000000001","2024-10-10 12:55:39.715065","2024-10-10 12:56:25.299553",2,0,87,NULL,0,NULL,"2025-06-09 07:00:00","04:00:00","2025-06-09 11:00:00",NULL,NULL,NULL,NULL,NULL,NULL,NULL,NULL,NULL,NULL,NULL,NULL,NULL,NULL,NULL,NULL
"intrv101020240000033",False,"Douala","0","0","Shift 2 recyclage ",NULL,NULL,"",NULL,NULL,NULL,NULL,NULL,NULL,NULL,NULL,"agent572024000000001","agent572024000000001","agent572024000000002","cintr128202400000001","projt572024000000001","2024-10-10 12:57:18.742073","2024-10-10 12:58:08.609447",2,0,88,NULL,0,NULL,"2025-07-09 07:00:00","04:00:00","2025-07-09 11:00:00",NULL,NULL,NULL,NULL,NULL,NULL,NULL,NULL,NULL,NULL,NULL,NULL,NULL,NULL,NULL,NULL
"intrv101020240000034",False,"Douala","0","0","Shift 2 exercice",NULL,NULL,"",NULL,NULL,NULL,NULL,NULL,NULL,NULL,NULL,"agent572024000000001","agent572024000000001","agent572024000000002","cintr992024000000001","projt572024000000001","2024-10-10 12:58:46.831896","2024-10-10 12:59:25.716803",2,0,89,NULL,0,NULL,"2025-07-20 07:00:00","04:00:00","2025-07-20 11:00:00",NULL,NULL,NULL,NULL,NULL,NULL,NULL,NULL,NULL,NULL,NULL,NULL,NULL,NULL,NULL,NULL
"intrv101020240000035",False,"Douala","0","0","Shift 2 recyclage ",NULL,NULL,"",NULL,NULL,NULL,NULL,NULL,NULL,NULL,NULL,"agent572024000000001","agent572024000000001","agent572024000000002","cintr128202400000001","projt572024000000001","2024-10-10 13:00:10.84185","2024-10-10 13:01:00.997959",2,0,90,NULL,0,NULL,"2025-08-08 07:00:00","04:00:00","2025-08-08 11:00:00",NULL,NULL,NULL,NULL,NULL,NULL,NULL,NULL,NULL,NULL,NULL,NULL,NULL,NULL,NULL,NULL
"intrv101020240000036",False,"Douala","0","0","Shift 2 recyclage ",NULL,NULL,"",NULL,NULL,NULL,NULL,NULL,NULL,NULL,NULL,"agent572024000000001","agent572024000000001","agent572024000000002","cintr128202400000001","projt572024000000001","2024-10-10 13:02:00.896293","2024-10-10 13:02:45.202972",2,0,91,NULL,0,NULL,"2025-09-07 07:00:00","04:00:00","2025-09-07 11:00:00",NULL,NULL,NULL,NULL,NULL,NULL,NULL,NULL,NULL,NULL,NULL,NULL,NULL,NULL,NULL,NULL
"intrv101020240000037",False,"Douala","0","0","Shift 2 recyclage",NULL,NULL,"",NULL,NULL,NULL,NULL,NULL,NULL,NULL,NULL,"agent572024000000001","agent572024000000001","agent572024000000002","cintr128202400000001","projt572024000000001","2024-10-10 13:03:32.34244","2024-10-10 13:04:12.158294",2,0,92,NULL,0,NULL,"2025-10-07 07:00:00","04:00:00","2025-10-07 11:00:00",NULL,NULL,NULL,NULL,NULL,NULL,NULL,NULL,NULL,NULL,NULL,NULL,NULL,NULL,NULL,NULL
"intrv101020240000038",False,"Douala","0","0","Shift 2 exercice ",NULL,NULL,"",NULL,NULL,NULL,NULL,NULL,NULL,NULL,NULL,"agent572024000000001","agent572024000000001","agent572024000000002","cintr992024000000001","projt572024000000001","2024-10-10 13:04:52.890825","2024-10-10 13:05:26.94051",2,0,93,NULL,0,NULL,"2025-10-19 07:00:00","04:00:00","2025-10-19 11:00:00",NULL,NULL,NULL,NULL,NULL,NULL,NULL,NULL,NULL,NULL,NULL,NULL,NULL,NULL,NULL,NULL
"intrv101020240000039",False,"Douala","0","0","Shift 2 recyclage ",NULL,NULL,"",NULL,NULL,NULL,NULL,NULL,NULL,NULL,NULL,"agent572024000000001","agent572024000000001","agent572024000000002","cintr128202400000001","projt572024000000001","2024-10-10 13:06:18.72142","2024-10-10 13:06:56.010715",2,0,94,NULL,0,NULL,"2025-11-06 08:00:00","04:00:00","2025-11-06 12:00:00",NULL,NULL,NULL,NULL,NULL,NULL,NULL,NULL,NULL,NULL,NULL,NULL,NULL,NULL,NULL,NULL
"intrv101020240000040",False,"Douala","0","0","Shift 2 recyclage ",NULL,NULL,"",NULL,NULL,NULL,NULL,NULL,NULL,NULL,NULL,"agent572024000000001","agent572024000000001","agent572024000000002","cintr128202400000001","projt572024000000001","2024-10-10 13:07:44.910485","2024-10-10 13:08:27.409252",2,0,95,NULL,0,NULL,"2025-12-06 08:00:00","04:00:00","2025-12-06 12:00:00",NULL,NULL,NULL,NULL,NULL,NULL,NULL,NULL,NULL,NULL,NULL,NULL,NULL,NULL,NULL,NULL
"intrv101020240000041",False,"Douala","0","0","Shift 3 recyclage ",NULL,NULL,"",NULL,NULL,NULL,NULL,NULL,NULL,NULL,NULL,"agent572024000000001","agent572024000000001","agent572024000000002","cintr128202400000001","projt572024000000001","2024-10-10 14:41:15.274748","2024-10-10 14:42:01.437726",2,0,96,NULL,0,NULL,"2025-01-09 08:00:00","04:00:00","2025-01-09 12:00:00",NULL,NULL,NULL,NULL,NULL,NULL,NULL,NULL,NULL,NULL,NULL,NULL,NULL,NULL,NULL,NULL
"intrv101020240000042",False,"Douala","0","0","Shift 3 recyclage ",NULL,NULL,"",NULL,NULL,NULL,NULL,NULL,NULL,NULL,NULL,"agent572024000000001","agent572024000000001","agent572024000000002","cintr128202400000001","projt572024000000001","2024-10-10 14:43:19.919298","2024-10-10 14:44:00.585526",2,0,97,NULL,0,NULL,"2025-02-15 08:00:00","04:00:00","2025-02-15 12:00:00",NULL,NULL,NULL,NULL,NULL,NULL,NULL,NULL,NULL,NULL,NULL,NULL,NULL,NULL,NULL,NULL
"intrv101020240000043",False,"Douala","0","0","Shift 3 exercice",NULL,NULL,"",NULL,NULL,NULL,NULL,NULL,NULL,NULL,NULL,"agent572024000000001","agent572024000000001","agent572024000000002","cintr992024000000001","projt572024000000001","2024-10-10 14:44:54.052403","2024-10-10 14:45:47.686557",2,0,98,NULL,0,NULL,"2025-01-28 08:00:00","04:00:00","2025-01-28 12:00:00",NULL,NULL,NULL,NULL,NULL,NULL,NULL,NULL,NULL,NULL,NULL,NULL,NULL,NULL,NULL,NULL
"intrv101020240000044",False,"Douala","0","0","Shift 3 recyclage ",NULL,NULL,"",NULL,NULL,NULL,NULL,NULL,NULL,NULL,NULL,"agent572024000000001","agent572024000000001","agent572024000000002","cintr128202400000001","projt572024000000001","2024-10-10 14:46:43.940887","2024-10-10 14:47:25.138808",2,0,99,NULL,0,NULL,"2025-03-15 08:00:00","04:00:00","2025-03-15 12:00:00",NULL,NULL,NULL,NULL,NULL,NULL,NULL,NULL,NULL,NULL,NULL,NULL,NULL,NULL,NULL,NULL
"intrv101020240000045",False,"Douala","0","0","Shift 3 recyclage",NULL,NULL,"",NULL,NULL,NULL,NULL,NULL,NULL,NULL,NULL,"agent572024000000001","agent572024000000001","agent572024000000002","cintr128202400000001","projt572024000000001","2024-10-10 14:48:24.46724","2024-10-10 14:49:12.700263",2,0,100,NULL,0,NULL,"2025-04-14 07:00:00","04:00:00","2025-04-14 11:00:00",NULL,NULL,NULL,NULL,NULL,NULL,NULL,NULL,NULL,NULL,NULL,NULL,NULL,NULL,NULL,NULL
"intrv101020240000046",False,"Douala","0","0","Shift 3 recyclage ",NULL,NULL,"",NULL,NULL,NULL,NULL,NULL,NULL,NULL,NULL,"agent572024000000001","agent572024000000001","agent572024000000002","cintr128202400000001","projt572024000000001","2024-10-10 14:50:04.940054","2024-10-10 14:50:44.894233",2,0,101,NULL,0,NULL,"2025-05-14 07:00:00","04:00:00","2025-05-14 11:00:00",NULL,NULL,NULL,NULL,NULL,NULL,NULL,NULL,NULL,NULL,NULL,NULL,NULL,NULL,NULL,NULL
"intrv101020240000047",False,"Douala","0","0","Shift 3 exercice",NULL,NULL,"",NULL,NULL,NULL,NULL,NULL,NULL,NULL,NULL,"agent572024000000001","agent572024000000001","agent572024000000002","cintr992024000000001","projt572024000000001","2024-10-10 14:51:47.476746","2024-10-10 14:52:34.897592",2,0,102,NULL,0,NULL,"2025-05-25 07:00:00","04:00:00","2025-05-25 11:00:00",NULL,NULL,NULL,NULL,NULL,NULL,NULL,NULL,NULL,NULL,NULL,NULL,NULL,NULL,NULL,NULL
"intrv101020240000048",False,"Douala","0","0","Shift 3 recyclage",NULL,NULL,"",NULL,NULL,NULL,NULL,NULL,NULL,NULL,NULL,"agent572024000000001","agent572024000000001","agent572024000000002","cintr128202400000001","projt572024000000001","2024-10-10 14:53:21.058261","2024-10-10 14:54:11.070112",2,0,103,NULL,0,NULL,"2025-06-13 07:00:00","04:00:00","2025-06-13 11:00:00",NULL,NULL,NULL,NULL,NULL,NULL,NULL,NULL,NULL,NULL,NULL,NULL,NULL,NULL,NULL,NULL
"intrv101020240000049",False,"Douala","0","0","Shift 3 recyclage ",NULL,NULL,"",NULL,NULL,NULL,NULL,NULL,NULL,NULL,NULL,"agent572024000000001","agent572024000000001","agent572024000000002","cintr992024000000001","projt572024000000001","2024-10-10 14:56:17.972481","2024-10-10 14:57:03.476665",2,0,104,NULL,0,NULL,"2025-07-13 07:00:00","04:00:00","2025-07-13 11:00:00",NULL,NULL,NULL,NULL,NULL,NULL,NULL,NULL,NULL,NULL,NULL,NULL,NULL,NULL,NULL,NULL
"intrv101020240000050",False,"Douala","0","0","Shift 3 recyclage ",NULL,NULL,"",NULL,NULL,NULL,NULL,NULL,NULL,NULL,NULL,"agent572024000000001","agent572024000000001","agent572024000000002","cintr128202400000001","projt572024000000001","2024-10-10 14:58:11.111067","2024-10-10 14:58:49.030123",2,0,105,NULL,0,NULL,"2025-08-12 07:00:00","04:00:00","2025-08-12 11:00:00",NULL,NULL,NULL,NULL,NULL,NULL,NULL,NULL,NULL,NULL,NULL,NULL,NULL,NULL,NULL,NULL
"intrv101020240000051",False,"Douala","0","0","Shift 3 exercice ",NULL,NULL,"",NULL,NULL,NULL,NULL,NULL,NULL,NULL,NULL,"agent572024000000001","agent572024000000001","agent572024000000002","cintr992024000000001","projt572024000000001","2024-10-10 15:00:15.697951","2024-10-10 15:00:55.619164",2,0,106,NULL,0,NULL,"2025-08-30 07:00:00","04:00:00","2025-08-30 11:00:00",NULL,NULL,NULL,NULL,NULL,NULL,NULL,NULL,NULL,NULL,NULL,NULL,NULL,NULL,NULL,NULL
"intrv101020240000052",False,"Douala ","0","0","Shift 3 recyclage ",NULL,NULL,"",NULL,NULL,NULL,NULL,NULL,NULL,NULL,NULL,"agent572024000000001","agent572024000000001","agent572024000000002","cintr128202400000001","projt572024000000001","2024-10-10 15:03:35.444434","2024-10-10 15:04:17.428254",2,0,107,NULL,0,NULL,"2025-09-11 07:00:00","04:00:00","2025-09-11 11:00:00",NULL,NULL,NULL,NULL,NULL,NULL,NULL,NULL,NULL,NULL,NULL,NULL,NULL,NULL,NULL,NULL
"intrv101020240000053",False,"Douala","0","0","Shift 3 recyclage ",NULL,NULL,"",NULL,NULL,NULL,NULL,NULL,NULL,NULL,NULL,"agent572024000000001","agent572024000000001","agent572024000000002","cintr128202400000001","projt572024000000001","2024-10-10 15:05:03.493876","2024-10-10 15:05:49.584281",2,0,108,NULL,0,NULL,"2025-10-11 07:00:00","04:00:00","2025-10-11 11:00:00",NULL,NULL,NULL,NULL,NULL,NULL,NULL,NULL,NULL,NULL,NULL,NULL,NULL,NULL,NULL,NULL
"intrv101020240000054",False,"Douala","0","0","Shift 3 recyclage",NULL,NULL,"",NULL,NULL,NULL,NULL,NULL,NULL,NULL,NULL,"agent572024000000001","agent572024000000001","agent572024000000002","cintr128202400000001","projt572024000000001","2024-10-10 15:06:46.336341","2024-10-10 15:07:25.087059",2,0,109,NULL,0,NULL,"2025-11-10 08:00:00","04:00:00","2025-11-10 12:00:00",NULL,NULL,NULL,NULL,NULL,NULL,NULL,NULL,NULL,NULL,NULL,NULL,NULL,NULL,NULL,NULL
"intrv101020240000055",False,"Douala","0","0","Shift 3 exercice ",NULL,NULL,"",NULL,NULL,NULL,NULL,NULL,NULL,NULL,NULL,"agent572024000000001","agent572024000000001","agent572024000000002","cintr992024000000001","projt572024000000001","2024-10-10 15:08:20.805722","2024-10-10 15:09:02.709679",2,0,110,NULL,0,NULL,"2025-11-22 08:00:00","04:00:00","2025-11-22 12:00:00",NULL,NULL,NULL,NULL,NULL,NULL,NULL,NULL,NULL,NULL,NULL,NULL,NULL,NULL,NULL,NULL
"intrv101020240000056",False,"Douala","0","0","Shift 3 recyclage ",NULL,NULL,"",NULL,NULL,NULL,NULL,NULL,NULL,NULL,NULL,"agent572024000000001","agent572024000000001","agent572024000000002","cintr128202400000001","projt572024000000001","2024-10-10 15:09:49.33622","2024-10-10 15:10:53.370502",2,0,111,NULL,0,NULL,"2025-12-10 08:00:00","04:00:00","2025-12-10 12:00:00",NULL,NULL,NULL,NULL,NULL,NULL,NULL,NULL,NULL,NULL,NULL,NULL,NULL,NULL,NULL,NULL
"intrv101020240000057",False,"Douala","0","0","Shift 1 recyclage ",NULL,NULL,"",NULL,NULL,NULL,NULL,NULL,NULL,NULL,NULL,"agent572024000000001","agent572024000000001","agent572024000000002","cintr128202400000001","projt572024000000001","2024-10-10 15:11:58.467983","2024-10-10 15:12:36.142717",2,0,112,NULL,0,NULL,"2024-09-18 07:00:00","04:00:00","2024-09-18 11:00:00",NULL,NULL,NULL,NULL,NULL,NULL,NULL,NULL,NULL,NULL,NULL,NULL,NULL,NULL,NULL,NULL
"intrv101020240000058",False,"Douala","0","0","Shift 1 exercice ",NULL,NULL,"",NULL,NULL,NULL,NULL,NULL,NULL,NULL,NULL,"agent572024000000001","agent572024000000001","agent572024000000002","cintr992024000000001","projt572024000000001","2024-10-10 15:13:35.725724","2024-10-10 15:14:24.739012",2,0,113,NULL,0,NULL,"2024-09-25 07:00:00","04:00:00","2024-09-25 11:00:00",NULL,NULL,NULL,NULL,NULL,NULL,NULL,NULL,NULL,NULL,NULL,NULL,NULL,NULL,NULL,NULL
"intrv101020240000059",False,"Douala","0","0","Shift 1 recyclage ",NULL,NULL,"",NULL,NULL,NULL,NULL,NULL,NULL,NULL,NULL,"agent572024000000001","agent572024000000001","agent572024000000002","cintr128202400000001","projt572024000000001","2024-10-10 15:15:06.978351","2024-10-10 15:15:49.595503",2,0,114,NULL,0,NULL,"2024-10-18 07:00:00","04:00:00","2024-10-18 11:00:00",NULL,NULL,NULL,NULL,NULL,NULL,NULL,NULL,NULL,NULL,NULL,NULL,NULL,NULL,NULL,NULL
"intrv101020240000060",False,"Douala","0","0","Shift 1 recyclage ",NULL,NULL,"",NULL,NULL,NULL,NULL,NULL,NULL,NULL,NULL,"agent572024000000001","agent572024000000001","agent572024000000002","cintr128202400000001","projt572024000000001","2024-10-10 15:16:45.631409","2024-10-10 15:17:24.11363",2,0,115,NULL,0,NULL,"2024-11-17 08:00:00","04:00:00","2024-11-17 12:00:00",NULL,NULL,NULL,NULL,NULL,NULL,NULL,NULL,NULL,NULL,NULL,NULL,NULL,NULL,NULL,NULL
"intrv101020240000061",False,"Douala","0","0","Shift 1 recyclage ",NULL,NULL,"",NULL,NULL,NULL,NULL,NULL,NULL,NULL,NULL,"agent572024000000001","agent572024000000001","agent572024000000002","cintr128202400000001","projt572024000000001","2024-10-10 15:18:22.255271","2024-10-10 15:18:56.648696",2,0,116,NULL,0,NULL,"2024-12-17 08:00:00","04:00:00","2024-12-17 12:00:00",NULL,NULL,NULL,NULL,NULL,NULL,NULL,NULL,NULL,NULL,NULL,NULL,NULL,NULL,NULL,NULL
"intrv101020240000062",False,"Douala","0","0","Shift 1 exercice ",NULL,NULL,"",NULL,NULL,NULL,NULL,NULL,NULL,NULL,NULL,"agent572024000000001","agent572024000000001","agent572024000000002","cintr992024000000001","projt572024000000001","2024-10-10 15:20:05.930106","2024-10-10 15:20:50.021705",2,0,117,NULL,0,NULL,"2024-12-20 08:00:00","04:00:00","2024-12-20 12:00:00",NULL,NULL,NULL,NULL,NULL,NULL,NULL,NULL,NULL,NULL,NULL,NULL,NULL,NULL,NULL,NULL
"intrv101020240000063",False,"Douala","0","0","Shift 2 recyclage ",NULL,NULL,"",NULL,NULL,NULL,NULL,NULL,NULL,NULL,NULL,"agent572024000000001","agent572024000000001","agent572024000000002","cintr128202400000001","projt572024000000001","2024-10-10 15:21:43.027498","2024-10-10 15:22:22.221788",2,0,118,NULL,0,NULL,"2024-09-22 07:00:00","04:00:00","2024-09-22 11:00:00",NULL,NULL,NULL,NULL,NULL,NULL,NULL,NULL,NULL,NULL,NULL,NULL,NULL,NULL,NULL,NULL
"intrv101020240000064",False,"Douala","0","0","Shift 2 recyclage ",NULL,NULL,"",NULL,NULL,NULL,NULL,NULL,NULL,NULL,NULL,"agent572024000000001","agent572024000000001","agent572024000000002","cintr128202400000001","projt572024000000001","2024-10-10 15:23:30.169919","2024-10-10 15:23:58.652196",2,0,119,NULL,0,NULL,"2024-10-22 07:00:00","04:00:00","2024-10-22 11:00:00",NULL,NULL,NULL,NULL,NULL,NULL,NULL,NULL,NULL,NULL,NULL,NULL,NULL,NULL,NULL,NULL
"intrv101020240000065",False,"Douala","0","0","Shift 2 exercice ",NULL,NULL,"",NULL,NULL,NULL,NULL,NULL,NULL,NULL,NULL,"agent572024000000001","agent572024000000001","agent572024000000002","cintr992024000000001","projt572024000000001","2024-10-10 15:24:46.522016","2024-10-10 15:26:08.974319",2,0,120,NULL,0,NULL,"2024-10-29 08:00:00","04:00:00","2024-10-29 12:00:00",NULL,NULL,NULL,NULL,NULL,NULL,NULL,NULL,NULL,NULL,NULL,NULL,NULL,NULL,NULL,NULL
"intrv101020240000066",False,"Douala","0","0","Shift 2 recyclage ",NULL,NULL,"",NULL,NULL,NULL,NULL,NULL,NULL,NULL,NULL,"agent572024000000001","agent572024000000001","agent572024000000002","cintr128202400000001","projt572024000000001","2024-10-10 15:27:11.310565","2024-10-10 15:27:50.419672",2,0,121,NULL,0,NULL,"2024-11-21 08:00:00","04:00:00","2024-11-21 12:00:00",NULL,NULL,NULL,NULL,NULL,NULL,NULL,NULL,NULL,NULL,NULL,NULL,NULL,NULL,NULL,NULL
"intrv101020240000067",False,"Douala","0","0","Shift 2 recyclage ",NULL,NULL,"",NULL,NULL,NULL,NULL,NULL,NULL,NULL,NULL,"agent572024000000001","agent572024000000001","agent572024000000002","cintr128202400000001","projt572024000000001","2024-10-10 15:28:29.553475","2024-10-10 16:01:25.382518",2,0,122,NULL,0,NULL,"2024-12-21 08:00:00","04:00:00","2024-12-21 12:00:00",NULL,NULL,NULL,NULL,NULL,NULL,NULL,NULL,NULL,NULL,NULL,NULL,NULL,NULL,NULL,NULL
"intrv101020240000068",False,"Douala","0","0","Shift 3 recyclage ",NULL,NULL,"",NULL,NULL,NULL,NULL,NULL,NULL,NULL,NULL,"agent572024000000001","agent572024000000001","agent572024000000002","cintr128202400000001","projt572024000000001","2024-10-10 16:02:08.09238","2024-10-10 16:02:39.243744",2,0,123,NULL,0,NULL,"2024-09-20 07:00:00","04:00:00","2024-09-20 11:00:00",NULL,NULL,NULL,NULL,NULL,NULL,NULL,NULL,NULL,NULL,NULL,NULL,NULL,NULL,NULL,NULL
"intrv101020240000069",False,"Douala","0","0","Shift 3 recyclage ",NULL,NULL,"",NULL,NULL,NULL,NULL,NULL,NULL,NULL,NULL,"agent572024000000001","agent572024000000001","agent572024000000002","cintr128202400000001","projt572024000000001","2024-10-10 16:03:10.370327","2024-10-10 16:03:40.23",2,0,124,NULL,0,NULL,"2024-10-20 07:00:00","04:00:00","2024-10-20 11:00:00",NULL,NULL,NULL,NULL,NULL,NULL,NULL,NULL,NULL,NULL,NULL,NULL,NULL,NULL,NULL,NULL
"intrv101020240000070",False,"Douala","0","0","Shift 3 recyclage ",NULL,NULL,"",NULL,NULL,NULL,NULL,NULL,NULL,NULL,NULL,"agent572024000000001","agent572024000000001","agent572024000000002","cintr128202400000001","projt572024000000001","2024-10-10 16:04:22.04351","2024-10-10 16:05:15.514654",2,0,125,NULL,0,NULL,"2024-11-19 08:00:00","04:00:00","2024-11-19 12:00:00",NULL,NULL,NULL,NULL,NULL,NULL,NULL,NULL,NULL,NULL,NULL,NULL,NULL,NULL,NULL,NULL
"intrv101020240000071",False,"Douala","0","0","Shift 3 exercice ",NULL,NULL,"",NULL,NULL,NULL,NULL,NULL,NULL,NULL,NULL,"agent572024000000001","agent572024000000001","agent572024000000002","cintr992024000000001","projt572024000000001","2024-10-10 16:05:55.828134","2024-10-10 16:06:28.319387",2,0,126,NULL,0,NULL,"2024-11-26 08:00:00","04:00:00","2024-11-26 12:00:00",NULL,NULL,NULL,NULL,NULL,NULL,NULL,NULL,NULL,NULL,NULL,NULL,NULL,NULL,NULL,NULL
"intrv101020240000072",False,"Douala","0","0","Shift 3 recyclage ",NULL,NULL,"",NULL,NULL,NULL,NULL,NULL,NULL,NULL,NULL,"agent572024000000001","agent572024000000001","agent572024000000002","cintr128202400000001","projt572024000000001","2024-10-10 16:07:04.065558","2024-10-10 16:07:43.373758",2,0,127,NULL,0,NULL,"2024-12-19 08:00:00","04:00:00","2024-12-19 12:00:00",NULL,NULL,NULL,NULL,NULL,NULL,NULL,NULL,NULL,NULL,NULL,NULL,NULL,NULL,NULL,NULL
"intrv111120240000001",False,"TFB","0","0","Réapprovisionnement","binary data","binary data","Réapprovisionnement en gasoil générateur TFB",NULL,"2024-11-11 17:01:00","2024-11-11 17:01:00",NULL,NULL,NULL,NULL,NULL,"agent179202400000002","agent179202400000002","agent179202400000002","cintr241020240000001","projt572024000000001","2024-11-11 17:03:31.20272","2024-11-11 17:03:31.439735",5,0,155,NULL,0,NULL,"2024-11-11 17:01:00","1 day","2024-11-12 17:01:00",NULL,NULL,NULL,NULL,NULL,NULL,NULL,NULL,NULL,NULL,NULL,NULL,NULL,NULL,NULL,NULL
"intrv111120240000002",False,"PU7 ( RTC)","0","0","Réapprovisionnement","binary data","binary data","Réapprovisionnement en gasoil générateur PU7",NULL,"2024-11-11 17:03:00","2024-11-11 17:03:00",NULL,NULL,NULL,NULL,NULL,"agent179202400000002","agent179202400000002","agent179202400000002","cintr241020240000001","projt572024000000001","2024-11-11 17:05:10.58645","2024-11-11 17:05:10.738894",5,0,156,NULL,0,NULL,"2024-11-11 17:03:00","1 day","2024-11-12 17:03:00",NULL,NULL,NULL,NULL,NULL,NULL,NULL,NULL,NULL,NULL,NULL,NULL,NULL,NULL,NULL,NULL
"intrv111120240000003",False,"Réapprovisionnement","0","0","Réapprovisionnement en gasoil générateur New oil and gas.","binary data","binary data","Réapprovisionnement générateur",NULL,"2024-11-11 17:05:00","2024-11-11 17:05:00",NULL,NULL,NULL,NULL,NULL,"agent179202400000002","agent179202400000002","agent179202400000002","cintr241020240000001","projt572024000000001","2024-11-11 17:07:37.888739","2024-11-11 17:07:38.152306",5,0,157,NULL,0,NULL,"2024-11-11 17:05:00","1 day","2024-11-12 17:05:00",NULL,NULL,NULL,NULL,NULL,NULL,NULL,NULL,NULL,NULL,NULL,NULL,NULL,NULL,NULL,NULL
"intrv111202400000001",False,"gage A3","0","0","pas demmare","binary data","binary data","démarrage manuel ",NULL,"2024-11-01 09:11:00","2024-11-01 09:11:00",NULL,NULL,NULL,NULL,NULL,"agent189202400000004","agent189202400000004","agent189202400000004","cintr241020240000001","projt572024000000001","2024-11-01 09:12:29.063416","2024-11-01 09:12:29.256137",5,0,150,NULL,0,NULL,"2024-11-01 09:11:00","1 day","2024-11-02 09:11:00",NULL,NULL,NULL,NULL,NULL,NULL,NULL,NULL,NULL,NULL,NULL,NULL,NULL,NULL,NULL,NULL
"intrv128202400000001",False,"bonapriso","0","0","travailler avec raoul sur système de paiement automatique dans les bus avec les badges.",NULL,NULL,NULL,NULL,NULL,NULL,NULL,NULL,NULL,NULL,NULL,NULL,"agent572024000000001",NULL,"cintr572024000000001","projt572024000000001","2024-08-12 11:40:49.489246","2024-09-07 01:33:26.093368",1,0,1,NULL,NULL,NULL,NULL,NULL,NULL,NULL,NULL,NULL,NULL,NULL,NULL,NULL,NULL,NULL,NULL,NULL,NULL,NULL,NULL,NULL,NULL
"intrv128202400000002",False,"Dps","0","0","formation krav maga",NULL,NULL,"",NULL,"2024-08-19 00:00:00","2024-08-19 00:00:00","","binary data","binary data",NULL,NULL,"agent572024000000001","agent572024000000001",NULL,"cintr128202400000001","projt572024000000001","2024-08-12 11:55:08.528834","2024-09-07 01:33:26.412054",6,1,2,NULL,1,NULL,NULL,NULL,NULL,NULL,NULL,NULL,NULL,NULL,NULL,NULL,NULL,NULL,NULL,NULL,NULL,NULL,NULL,NULL,NULL
"intrv128202400000003",False,"DPS","0","0","FORMATION KRAV MAGA",NULL,NULL,"SM3",NULL,"2024-08-21 00:00:00","2024-08-21 00:00:00","","binary data","binary data",NULL,NULL,"agent572024000000001","agent572024000000001",NULL,"cintr128202400000001","projt572024000000001","2024-08-12 11:58:24.567496","2024-09-07 01:33:26.311566",6,1,3,NULL,1,NULL,NULL,NULL,NULL,NULL,NULL,NULL,NULL,NULL,NULL,NULL,NULL,NULL,NULL,NULL,NULL,NULL,NULL,NULL,NULL
"intrv128202400000004",False,"DPS","0","0","FORMATION KRAV MAGA",NULL,NULL,"SM2",NULL,"2024-08-23 00:00:00","2024-08-23 00:00:00","",NULL,NULL,NULL,NULL,"agent572024000000001","agent572024000000001",NULL,"cintr128202400000001","projt572024000000001","2024-08-12 11:59:08.543096","2024-09-07 01:33:26.214123",6,1,4,NULL,1,NULL,NULL,NULL,NULL,NULL,NULL,NULL,NULL,NULL,NULL,NULL,NULL,NULL,NULL,NULL,NULL,NULL,NULL,NULL,NULL
"intrv128202400000005",False,"a1","0","0","trouve solution pour améliorer ca ","binary data",NULL,NULL,NULL,NULL,NULL,NULL,NULL,NULL,NULL,NULL,NULL,"agent572024000000001",NULL,"cintr137202400000004","projt572024000000001","2024-08-12 15:36:33.764255",NULL,1,0,5,NULL,NULL,NULL,NULL,NULL,NULL,NULL,NULL,NULL,NULL,NULL,NULL,NULL,NULL,NULL,NULL,NULL,NULL,NULL,NULL,NULL,NULL
"intrv128202400000006",False,"dps","0","0","refixer bouton","binary data",NULL,"changé le bouton",NULL,NULL,NULL,NULL,NULL,NULL,NULL,NULL,"agent872024000000002","agent572024000000001",NULL,"cintr137202400000004","projt572024000000001","2024-08-12 15:53:14.724697","2024-08-12 16:13:50.381817",2,3,6,NULL,1,NULL,NULL,NULL,NULL,NULL,NULL,NULL,NULL,NULL,NULL,NULL,NULL,NULL,NULL,NULL,NULL,NULL,NULL,NULL,NULL
"intrv129202400000001",False,"cp6","0","0","changer camera","binary data",NULL,NULL,NULL,NULL,NULL,NULL,NULL,NULL,NULL,NULL,NULL,"agent572024000000001",NULL,"cintr235202400000006","projt572024000000001","2024-09-12 09:10:44.23219",NULL,1,0,29,NULL,NULL,NULL,NULL,NULL,NULL,NULL,NULL,NULL,NULL,NULL,NULL,NULL,NULL,NULL,NULL,NULL,NULL,NULL,NULL,NULL,NULL
"intrv131120240000001",False,"PU7 RTC ","0","0","vidange générateur.impossible de lire les paramètres.","binary data","binary data","Remplacement filtre à gasoil,décanteur et filtre à huile.nettoyage filtre à air.Remplacement huile moteur 15W40.Carte command à remplacer.",NULL,"2024-11-13 11:35:00","2024-11-13 11:35:00",NULL,NULL,NULL,NULL,NULL,"agent179202400000002","agent179202400000002","agent179202400000002","cintr241020240000001","projt572024000000001","2024-11-13 11:43:27.406345","2024-11-13 11:43:27.640168",5,0,158,NULL,0,NULL,"2024-11-13 11:35:00","1 day","2024-11-14 11:35:00",NULL,NULL,NULL,NULL,NULL,NULL,NULL,NULL,NULL,NULL,NULL,NULL,NULL,NULL,NULL,NULL
"intrv131120240000002",False,"Zone parc à bois","0","0","poussière dans les box télécom ","binary data","binary data","Dépoussiérage des box télécom des pôles 45, 46,47,48,49,49A, 50, 51, 35,33 et bis, pôle 32, CP11, CP12, et CP15",NULL,"2024-11-13 14:58:00","2024-11-13 14:58:00",NULL,NULL,NULL,NULL,NULL,"agent189202400000003","agent189202400000003","agent189202400000003","cintr235202400000001","projt572024000000001","2024-11-13 15:05:24.820096","2024-11-14 10:51:08.806605",6,0,159,NULL,0,NULL,"2024-11-13 14:58:00","1 day","2024-11-14 14:58:00","binary data","binary data",NULL,NULL,NULL,NULL,NULL,NULL,NULL,NULL,NULL,NULL,NULL,NULL,NULL,NULL
"intrv138202400000001",False,"bureau bonopriso ","0","0","fuite salle de reunion","binary data",NULL,NULL,NULL,NULL,NULL,NULL,NULL,NULL,NULL,NULL,NULL,"agent572024000000001",NULL,"cintr235202400000004","projt572024000000005","2024-08-13 08:59:02.476857",NULL,1,0,7,NULL,NULL,NULL,NULL,NULL,NULL,NULL,NULL,NULL,NULL,NULL,NULL,NULL,NULL,NULL,NULL,NULL,NULL,NULL,NULL,NULL,NULL
"intrv138202400000002",False,"cp9","0","0","barriere cassee","binary data",NULL,NULL,NULL,NULL,NULL,NULL,NULL,NULL,NULL,NULL,NULL,"agent572024000000001",NULL,"cintr235202400000004","projt572024000000001","2024-08-13 11:16:15.503193",NULL,1,0,8,NULL,NULL,NULL,NULL,NULL,NULL,NULL,NULL,NULL,NULL,NULL,NULL,NULL,NULL,NULL,NULL,NULL,NULL,NULL,NULL,NULL,NULL
"intrv138202400000003",False,"cp6","0","0","diagnostic camera","binary data",NULL,NULL,NULL,NULL,NULL,NULL,NULL,NULL,NULL,NULL,NULL,"agent572024000000001",NULL,"cintr235202400000006","projt572024000000001","2024-08-13 11:25:06.509721",NULL,1,0,9,NULL,NULL,NULL,NULL,NULL,NULL,NULL,NULL,NULL,NULL,NULL,NULL,NULL,NULL,NULL,NULL,NULL,NULL,NULL,NULL,NULL,NULL
"intrv138202400000004",False,"vtmis","0","0","trouver solution pour connecter time zero et cargo.",NULL,NULL,NULL,NULL,NULL,NULL,NULL,NULL,NULL,NULL,NULL,NULL,"agent572024000000001",NULL,"cintr572024000000001","projt572024000000001","2024-08-13 15:50:51.754615",NULL,1,0,10,NULL,NULL,NULL,NULL,NULL,NULL,NULL,NULL,NULL,NULL,NULL,NULL,NULL,NULL,NULL,NULL,NULL,NULL,NULL,NULL,NULL,NULL
"intrv141020240000001",False,"PTZ20","0","0","toutes les caméras hors service","binary data","binary data",NULL,NULL,NULL,NULL,NULL,NULL,NULL,NULL,NULL,"agent189202400000003","agent189202400000003","agent189202400000003","cintr235202400000006","projt572024000000001","2024-10-14 12:59:25.704432",NULL,1,0,128,NULL,NULL,NULL,NULL,NULL,NULL,NULL,NULL,NULL,NULL,NULL,NULL,NULL,NULL,NULL,NULL,NULL,NULL,NULL,NULL,NULL,NULL
"intrv141020240000002",False,"bonapriso","0","0","test","binary data","binary data","test",NULL,NULL,NULL,NULL,NULL,NULL,NULL,NULL,"agent572024000000001","agent572024000000001","agent572024000000001","cintr137202400000004","projt572024000000001","2024-10-14 13:03:32.435624","2024-10-14 13:03:32.71679",2,0,129,NULL,0,NULL,"2024-10-14 13:02:00","1 day","2024-10-15 13:02:00",NULL,NULL,NULL,NULL,NULL,NULL,NULL,NULL,NULL,NULL,NULL,NULL,NULL,NULL,NULL,NULL
"intrv141020240000003",False,"PTZ20","0","0","toutes les caméras hors service","binary data","binary data",NULL,NULL,NULL,NULL,NULL,NULL,NULL,NULL,NULL,"agent189202400000003","agent189202400000003","agent189202400000003","cintr235202400000006","projt572024000000001","2024-10-14 13:05:45.089539",NULL,1,0,130,NULL,NULL,NULL,NULL,NULL,NULL,NULL,NULL,NULL,NULL,NULL,NULL,NULL,NULL,NULL,NULL,NULL,NULL,NULL,NULL,NULL,NULL
"intrv141020240000004",False,"PTZ20","0","0","toutes les caméras hors service","binary data","binary data",NULL,NULL,NULL,NULL,NULL,NULL,NULL,NULL,NULL,"agent189202400000003","agent189202400000003","agent189202400000003","cintr235202400000006","projt572024000000001","2024-10-14 13:05:47.552427","2024-10-14 17:23:42.920838",1,0,131,NULL,NULL,NULL,NULL,NULL,NULL,NULL,NULL,NULL,NULL,NULL,NULL,NULL,NULL,NULL,NULL,NULL,NULL,NULL,NULL,NULL,NULL
"intrv141020240000005",False,"bonapriso","0","0","test","binary data","binary data","test",NULL,NULL,NULL,NULL,NULL,NULL,NULL,NULL,"agent572024000000001","agent572024000000001","agent572024000000001","cintr137202400000004","projt572024000000001","2024-10-14 15:45:47.17791","2024-10-14 15:45:47.470143",2,0,132,NULL,0,NULL,"2024-10-14 15:45:00","1 day","2024-10-15 15:45:00",NULL,NULL,NULL,NULL,NULL,NULL,NULL,NULL,NULL,NULL,NULL,NULL,NULL,NULL,NULL,NULL
"intrv151020240000001",False,"Gate A3","0","0","barrière levante entrante non fonctionnel et tout les caméra in du Gate offline ","binary data",NULL,NULL,NULL,NULL,NULL,NULL,NULL,NULL,NULL,NULL,NULL,"agent189202400000004",NULL,"cintr235202400000006",NULL,"2024-10-15 01:28:31.829359",NULL,1,0,133,NULL,NULL,NULL,NULL,NULL,NULL,NULL,NULL,NULL,NULL,NULL,NULL,NULL,NULL,NULL,NULL,NULL,NULL,NULL,NULL,NULL,NULL
"intrv151020240000002",False,"Gate A3 ","0","0","groupe électrogène n'a pas démarrer ","binary data",NULL,NULL,NULL,NULL,NULL,NULL,NULL,NULL,NULL,NULL,NULL,"agent189202400000004",NULL,"cintr137202400000001","projt572024000000001","2024-10-15 01:29:38.865539",NULL,1,0,134,NULL,NULL,NULL,NULL,NULL,NULL,NULL,NULL,NULL,NULL,NULL,NULL,NULL,NULL,NULL,NULL,NULL,NULL,NULL,NULL,NULL,NULL
"intrv151020240000003",False,"cuisine RDC du TFB ","0","0","lampe LED 60×60 Défectueuse","binary data","binary data","lampe remplacée(couleur blanche)",NULL,NULL,NULL,NULL,NULL,NULL,NULL,NULL,"agent189202400000006","agent189202400000006","agent189202400000006","cintr137202400000001","projt572024000000001","2024-10-15 10:17:08.340983","2024-10-15 10:17:08.527996",2,0,135,NULL,0,NULL,"2024-10-15 10:13:00","10 days","2024-10-25 10:13:00",NULL,NULL,NULL,NULL,NULL,NULL,NULL,NULL,NULL,NULL,NULL,NULL,NULL,NULL,NULL,NULL
"intrv151020240000004",False,"TFB, CP5 et CP6","0","0","04 lampes défectueuses salle de briefing R+1, cuisine rez de chaussée, CP5&6","binary data","binary data","remplacement des lampes défectueuses ",NULL,NULL,NULL,NULL,NULL,NULL,NULL,NULL,"agent189202400000003","agent189202400000003","agent189202400000003","cintr137202400000001","projt572024000000001","2024-10-15 17:58:29.139458","2024-10-15 17:58:29.359882",2,0,136,NULL,0,NULL,"2024-10-15 17:55:00","1 day","2024-10-16 17:55:00",NULL,NULL,NULL,NULL,NULL,NULL,NULL,NULL,NULL,NULL,NULL,NULL,NULL,NULL,NULL,NULL
"intrv151020240000005",False,"plusieurs endroits ","0","0","les caméras des pôles 17,18 et 19 sont hors service ","binary data","binary data","remise en service des caméras des pôles 17;18 et 19 ( batteries oxydées) Nettoyage des télécoms box CP5 pôles 17,18,19,20,21,22 et CP6",NULL,NULL,NULL,NULL,NULL,NULL,NULL,NULL,"agent189202400000003","agent189202400000003","agent189202400000003","cintr235202400000006","projt572024000000001","2024-10-15 18:02:46.60022","2024-10-15 18:02:46.881095",2,0,137,NULL,0,NULL,"2024-10-15 17:58:00","1 day","2024-10-16 17:58:00",NULL,NULL,NULL,NULL,NULL,NULL,NULL,NULL,NULL,NULL,NULL,NULL,NULL,NULL,NULL,NULL
"intrv151120240000001",False,"salle serve TFB","0","0","lampe led 60x600 défecteux","binary data","binary data","Remplacement lampe LED 60x 60.Essai et remis en service ",NULL,"2024-11-15 15:35:00","2024-11-15 15:35:00",NULL,NULL,NULL,NULL,NULL,"agent179202400000002","agent179202400000002","agent179202400000002","cintr137202400000001","projt572024000000001","2024-11-15 15:38:01.629367","2024-11-15 15:38:01.914035",5,0,160,NULL,0,NULL,"2024-11-15 15:35:00","1 day","2024-11-16 15:35:00",NULL,NULL,NULL,NULL,NULL,NULL,NULL,NULL,NULL,NULL,NULL,NULL,NULL,NULL,NULL,NULL
"intrv151120240000002",False,"CP9","0","0","Réapprovisionnement générateur","binary data","binary data","Réapprovisionnement en gasoil générateur PN3",NULL,"2024-11-15 15:38:00","2024-11-15 15:38:00",NULL,NULL,NULL,NULL,NULL,"agent179202400000002","agent179202400000002","agent179202400000002","cintr241020240000001","projt572024000000001","2024-11-15 15:40:32.018902","2024-11-15 15:40:32.186261",5,0,161,NULL,0,NULL,"2024-11-15 15:38:00","1 day","2024-11-16 15:38:00","binary data","binary data",NULL,NULL,NULL,NULL,NULL,NULL,NULL,NULL,NULL,NULL,NULL,NULL,NULL,NULL
"intrv151120240000003",False,"RV ","0","0","maintenance ","binary data","binary data","OK ",NULL,"2024-11-15 16:39:00","2024-11-15 16:39:00",NULL,NULL,NULL,NULL,NULL,"agent189202400000001","agent189202400000001","agent189202400000001","cintr231020240000001","projt572024000000001","2024-11-15 16:40:52.374569","2024-11-15 16:40:52.51439",5,0,162,NULL,0,NULL,"2024-11-15 16:39:00","1 day","2024-11-16 16:39:00",NULL,NULL,NULL,NULL,NULL,NULL,NULL,NULL,NULL,NULL,NULL,NULL,NULL,NULL,NULL,NULL
"intrv151120240000004",False,"tfb","0","0","teste du problème de démarrage du véhicule ","binary data","binary data","batterie à RV pour la recharge ",NULL,"2024-11-15 16:41:00","2024-11-15 16:41:00",NULL,NULL,NULL,NULL,NULL,"agent189202400000001","agent189202400000001","agent189202400000001","cintr231020240000001","projt572024000000001","2024-11-15 16:43:19.896534","2024-11-15 16:43:20.015229",5,0,163,NULL,0,NULL,"2024-11-15 16:41:00","1 day","2024-11-16 16:41:00",NULL,NULL,NULL,NULL,NULL,NULL,NULL,NULL,NULL,NULL,NULL,NULL,NULL,NULL,NULL,NULL
"intrv151120240000005",False,"Zone RTC: pôles 40,42,43,44,45,46 et 38 Zone parc à bois pôles 47,48,49, 49A,50,51","0","0","dépoussiérage et contrôle ","binary data","binary data","contrôle, relevés et diagnostic des problèmes des caméras ,radar, et batteries. travaux effectués par Servitel et DPS",NULL,"2024-11-15 16:37:00","2024-11-15 16:37:00",NULL,NULL,NULL,NULL,NULL,"agent189202400000003","agent189202400000003","agent189202400000003","cintr137202400000002","projt572024000000001","2024-11-15 16:45:10.589774","2024-11-16 11:16:22.222019",6,0,164,NULL,0,NULL,"2024-11-15 16:37:00","2 days","2024-11-17 16:37:00","binary data",NULL,NULL,NULL,NULL,NULL,NULL,NULL,NULL,NULL,NULL,NULL,NULL,NULL,NULL,NULL
"intrv151120240000006",False,"CP11 et Gate B1","0","0","barrières non fonctionnelles","binary data","binary data","diagnostic effectué: constat la carte est alimentée les voyants sont allumés, mais le moteur ne réagit ",NULL,"2024-11-15 16:45:00","2024-11-15 16:45:00",NULL,NULL,NULL,NULL,NULL,"agent189202400000003","agent189202400000003","agent189202400000003","cintr137202400000001","projt572024000000001","2024-11-15 16:48:41.607218","2024-11-15 16:48:41.86937",5,0,165,NULL,0,NULL,"2024-11-15 16:45:00","1 day","2024-11-16 16:45:00","binary data",NULL,NULL,NULL,NULL,NULL,NULL,NULL,NULL,NULL,NULL,NULL,NULL,NULL,NULL,NULL
"intrv171020240000001",False,"TR1 parc à bois","0","0","Disjoncteur nish eneo défecteus","binary data","binary data","Remplacement disjoncteur( 4 pôles C120H C100A) défectues de la nish eneo.Test et remise en service : OK",NULL,NULL,NULL,NULL,NULL,NULL,NULL,NULL,"agent179202400000002","agent179202400000002","agent179202400000002","cintr137202400000001","projt572024000000001","2024-10-17 16:40:58.417965","2024-10-17 16:40:58.563312",2,0,138,NULL,0,NULL,"2024-10-17 16:35:00","1 day","2024-10-18 16:35:00",NULL,NULL,NULL,NULL,NULL,NULL,NULL,NULL,NULL,NULL,NULL,NULL,NULL,NULL,NULL,NULL
"intrv171020240000002",False,"Générateur TR1 parc à bois","0","0","Vidange générateur","binary data","binary data","Vidange générateur(remplacement filtre à huile,filtre à gasoil et huile moteur 15W40) essai à vide et en charge.vérification des différents paramèmetres.",NULL,NULL,NULL,NULL,NULL,NULL,NULL,NULL,"agent179202400000002","agent179202400000002","agent179202400000002","cintr137202400000001","projt572024000000001","2024-10-17 16:51:02.287303","2024-10-17 16:51:02.372178",2,0,139,NULL,0,NULL,"2024-10-17 16:46:00","1 day","2024-10-18 16:46:00",NULL,NULL,NULL,NULL,NULL,NULL,NULL,NULL,NULL,NULL,NULL,NULL,NULL,NULL,NULL,NULL
"intrv181020240000001",False,"cp7","0","0","batteries du box telecom cp7 oxydées. remise en service du box telecom et ses équipements ","binary data","binary data",NULL,NULL,NULL,NULL,NULL,NULL,NULL,NULL,NULL,NULL,"agent189202400000005",NULL,"cintr137202400000002","projt572024000000001","2024-10-18 13:28:25.552432",NULL,1,0,140,NULL,NULL,NULL,NULL,NULL,NULL,NULL,NULL,NULL,NULL,NULL,NULL,NULL,NULL,NULL,NULL,NULL,NULL,NULL,NULL,NULL,NULL
"intrv191120240000001",False,"Gate A1","0","0","Vidange générateur du Gate A1","binary data","binary data","Remplacement filtre à gasoil,à huile et à air.Remplacement huile moteur 15W40.Essai et remis en service générateur.",NULL,"2024-11-19 15:32:00","2024-11-19 15:32:00",NULL,NULL,NULL,NULL,NULL,"agent179202400000002","agent179202400000002","agent179202400000002","cintr241020240000001","projt572024000000001","2024-11-19 15:37:11.389351","2024-11-19 15:37:11.780776",5,0,166,NULL,0,NULL,"2024-11-19 15:32:00","1 day","2024-11-20 15:32:00","binary data","binary data","binary data",NULL,NULL,NULL,NULL,NULL,NULL,NULL,NULL,NULL,NULL,NULL,NULL,NULL
"intrv198202400000001",False,"douala","0","0","preparer proposition d exercice pour chaque site exercice sûreté/sécurité. ",NULL,NULL,NULL,NULL,NULL,NULL,NULL,NULL,NULL,NULL,NULL,NULL,"agent572024000000001",NULL,"cintr128202400000001","projt188202400000014","2024-08-19 12:06:47.895818",NULL,1,0,11,NULL,NULL,NULL,NULL,NULL,NULL,NULL,NULL,NULL,NULL,NULL,NULL,NULL,NULL,NULL,NULL,NULL,NULL,NULL,NULL,NULL,NULL
"intrv198202400000002",False,"douala","0","0","preparer seminaries 2 jours sur la mise en place d exercice de formation pour les manager. preparer proposition pour le recrutement et la formations des nouveaux agents. ",NULL,NULL,NULL,NULL,NULL,NULL,NULL,NULL,NULL,NULL,NULL,NULL,"agent572024000000001",NULL,"cintr128202400000001","projt572024000000003","2024-08-19 14:21:41.247188",NULL,1,0,12,NULL,NULL,NULL,NULL,NULL,NULL,NULL,NULL,NULL,NULL,NULL,NULL,NULL,NULL,NULL,NULL,NULL,NULL,NULL,NULL,NULL,NULL
"intrv201120240000001",False,"Gate B2","0","0","barrières cassées, caméras hors service pôles, 53,46 et 43","binary data","binary data","remplacement de la barrière, remise en service des équipements.",NULL,"2024-11-20 09:31:00","2024-11-20 09:31:00",NULL,NULL,NULL,NULL,NULL,"agent189202400000003","agent189202400000003","agent189202400000003","cintr235202400000004","projt572024000000001","2024-11-20 09:35:02.789915","2024-11-20 09:35:02.984803",5,0,167,NULL,0,NULL,"2024-11-20 09:31:00","1 day","2024-11-21 09:31:00","binary data",NULL,NULL,NULL,NULL,NULL,NULL,NULL,NULL,NULL,NULL,NULL,NULL,NULL,NULL,NULL
"intrv201120240000002",False,"New archive","0","0","Réapprovisionnement ","binary data","binary data","Réapprovisionnement en gasoil générateur New archive .",NULL,"2024-11-20 16:25:00","2024-11-20 16:25:00",NULL,NULL,NULL,NULL,NULL,"agent179202400000002","agent179202400000002","agent179202400000002","cintr241020240000001","projt572024000000001","2024-11-20 16:27:58.172666","2024-11-20 16:27:58.324412",5,0,168,NULL,0,NULL,"2024-11-20 16:25:00","1 day","2024-11-21 16:25:00","binary data",NULL,NULL,NULL,NULL,NULL,NULL,NULL,NULL,NULL,NULL,NULL,NULL,NULL,NULL,NULL
"intrv211020240000001",False,"CP16","0","0","une lampe intérieur du CP16 défectueuse ","binary data","binary data","remplacement de la lampe défectueuse ",NULL,NULL,NULL,NULL,NULL,NULL,NULL,NULL,"agent189202400000003","agent189202400000003","agent189202400000003","cintr137202400000001","projt572024000000001","2024-10-21 17:02:27.850142","2024-10-21 17:02:28.041971",2,0,141,NULL,0,NULL,"2024-10-21 17:01:00","1 day","2024-10-22 17:01:00",NULL,NULL,NULL,NULL,NULL,NULL,NULL,NULL,NULL,NULL,NULL,NULL,NULL,NULL,NULL,NULL
"intrv219202400000001",False,"siège PAD","0","0","images figées sur les écrans de la tour de contrôle; Nous avons redémarré l'unité centrale et tout est redevenu normal","binary data","binary data","Redémarrage du système ",NULL,"2024-09-24 13:59:34.198",NULL,NULL,NULL,NULL,NULL,NULL,"agent189202400000003","agent189202400000003","agent189202400000003","cintr137202400000001","projt572024000000001","2024-09-21 10:54:35.991056","2024-09-24 09:59:44.791416",3,0,31,NULL,0,NULL,"2024-09-23 22:00:00","01:00:00","2024-09-23 23:00:00",NULL,NULL,NULL,NULL,NULL,NULL,NULL,NULL,NULL,NULL,NULL,NULL,NULL,NULL,NULL,NULL
"intrv221120240000001",False,"Gate A3","0","0","Bras lavant cassé","binary data","binary data","Remplacement bras levant cassé boom barrière Gate A3",NULL,"2024-11-22 17:00:00","2024-11-22 17:00:00",NULL,NULL,NULL,NULL,NULL,"agent179202400000002","agent179202400000002","agent179202400000002","cintr137202400000001","projt572024000000001","2024-11-22 17:01:37.578853","2024-11-22 17:01:37.806631",5,0,169,NULL,0,NULL,"2024-11-22 17:00:00","1 day","2024-11-23 17:00:00",NULL,NULL,NULL,NULL,NULL,NULL,NULL,NULL,NULL,NULL,NULL,NULL,NULL,NULL,NULL,NULL
"intrv221120240000002",False,"Générateur TR1 et TR2 Parc à bois","0","0","Vérification ","binary data","binary data","Vérification des paramètres des fonctionnement générateur TR1 et TR2.Prise des paramètres.",NULL,"2024-11-22 17:01:00","2024-11-22 17:01:00",NULL,NULL,NULL,NULL,NULL,"agent179202400000002","agent179202400000002","agent179202400000002","cintr241020240000001","projt572024000000001","2024-11-22 17:04:53.739537","2024-11-22 17:04:54.238204",5,0,170,NULL,0,NULL,"2024-11-22 17:01:00","1 day","2024-11-23 17:01:00",NULL,NULL,NULL,NULL,NULL,NULL,NULL,NULL,NULL,NULL,NULL,NULL,NULL,NULL,NULL,NULL
"intrv228202400000001",False,"A1","0","0","barrière cassé ","binary data",NULL,NULL,NULL,NULL,NULL,NULL,NULL,NULL,NULL,NULL,NULL,"agent572024000000001",NULL,"cintr235202400000004","projt188202400000015","2024-08-22 09:18:36.482259",NULL,1,0,13,NULL,NULL,NULL,NULL,NULL,NULL,NULL,NULL,NULL,NULL,NULL,NULL,NULL,NULL,NULL,NULL,NULL,NULL,NULL,NULL,NULL,NULL
"intrv228202400000002",True,"b3","0","0","poteaux casser","binary data",NULL,NULL,NULL,NULL,NULL,NULL,NULL,NULL,NULL,NULL,NULL,"agent572024000000001",NULL,"cintr235202400000004","projt188202400000015","2024-08-22 10:00:30.182902",NULL,1,0,14,NULL,NULL,NULL,NULL,NULL,NULL,NULL,NULL,NULL,NULL,NULL,NULL,NULL,NULL,NULL,NULL,NULL,NULL,NULL,NULL,NULL,NULL
"intrv231020240000001",False,"bona","0","0","test",NULL,NULL,"",NULL,NULL,NULL,NULL,NULL,NULL,NULL,NULL,"agent572024000000005","agent572024000000005","agent108202400000082","cintr231020240000001","projt572024000000001","2024-10-23 16:59:54.006014","2024-10-23 17:01:30.062413",2,2,142,NULL,0,NULL,"2024-10-24 00:00:00","1 day","2024-10-25 00:00:00",NULL,NULL,NULL,NULL,NULL,NULL,NULL,NULL,NULL,NULL,NULL,NULL,NULL,NULL,NULL,NULL
"intrv241020240000001",False,"ptz pylone","0","0","nettoyage ","binary data",NULL,NULL,NULL,NULL,NULL,NULL,NULL,NULL,NULL,NULL,NULL,"agent572024000000001",NULL,"cintr118202400000001","projt572024000000001","2024-10-24 10:29:11.088791",NULL,1,0,143,NULL,NULL,NULL,NULL,NULL,NULL,NULL,NULL,NULL,NULL,NULL,NULL,NULL,NULL,NULL,NULL,NULL,NULL,NULL,NULL,NULL,NULL
"intrv241020240000002",False,"TR2 Parc socomar","0","0","courroie alternateur de charge usée.","binary data","binary data","Remplacement courroie alternateur de charge.Essai et remise en service : OK",NULL,"2024-10-24 15:35:00","2024-10-24 15:35:00",NULL,NULL,NULL,NULL,NULL,"agent179202400000002","agent179202400000002","agent179202400000002","cintr241020240000001","projt572024000000001","2024-10-24 15:40:26.999266","2024-10-24 17:07:23.9344",6,0,144,NULL,0,NULL,"2024-10-24 15:35:00","1 day","2024-10-25 15:35:00","binary data","binary data",NULL,NULL,NULL,NULL,NULL,NULL,NULL,NULL,NULL,NULL,NULL,NULL,NULL,NULL
"intrv241020240000003",False,"TR2","0","0","Batterie défectuex","binary data",NULL,"Remplacement batterie 12V 100Ah .Vérification tension batterie: Ok",NULL,"2024-10-24 15:40:00","2024-10-24 15:40:00",NULL,NULL,NULL,NULL,NULL,"agent179202400000002","agent179202400000002","agent179202400000002","cintr241020240000001","projt572024000000001","2024-10-24 15:43:30.743328","2024-10-24 17:08:47.978328",6,0,145,NULL,0,NULL,"2024-10-24 15:40:00","1 day","2024-10-25 15:40:00",NULL,NULL,NULL,NULL,NULL,NULL,NULL,NULL,NULL,NULL,NULL,NULL,NULL,NULL,NULL,NULL
"intrv241020240000004",False,"New oil & gas","0","0","contrôlleur générateur en panne","binary data","binary data","remplacement côntrolleur générateur.vérification des paramètres:Ok",NULL,"2024-10-24 15:43:00","2024-10-24 15:43:00",NULL,NULL,NULL,NULL,NULL,"agent179202400000002","agent179202400000002","agent179202400000002","cintr241020240000001","projt572024000000001","2024-10-24 15:50:08.344884","2024-10-24 17:08:23.327965",6,0,146,NULL,0,NULL,"2024-10-24 15:43:00","1 day","2024-10-25 15:43:00","binary data","binary data",NULL,NULL,NULL,NULL,NULL,NULL,NULL,NULL,NULL,NULL,NULL,NULL,NULL,NULL
"intrv241020240000005",False,"New oil & gas","0","0","Vidange","binary data","binary data","Remplacement des filtres et huile moteur.Vérification de diffèrents paramètres.Essai à vide et en charge(RAS)",NULL,"2024-10-24 16:23:00","2024-10-24 16:23:00",NULL,NULL,NULL,NULL,NULL,"agent179202400000002","agent179202400000002","agent179202400000002","cintr241020240000001","projt572024000000001","2024-10-24 16:26:59.063958","2024-10-24 17:08:00.183858",6,0,147,NULL,0,NULL,"2024-10-24 16:23:00","1 day","2024-10-25 16:23:00","binary data",NULL,NULL,NULL,NULL,NULL,NULL,NULL,NULL,NULL,NULL,NULL,NULL,NULL,NULL,NULL
"intrv241120240000001",False,"task force building ","0","0","problème de fuite d'eau constate au niveau de la cuisine du premier étage ","binary data","binary data","nous avons couper l'eau a ce niveau pour évité que l'eau ne coule dans le bâtiment ",NULL,"2024-11-24 07:37:00","2024-11-24 07:37:00","attende du plombier ",NULL,NULL,NULL,NULL,"agent189202400000004","agent189202400000004","agent189202400000004","cintr137202400000001","projt572024000000001","2024-11-24 07:40:23.141369","2024-11-24 07:40:23.417008",5,0,171,NULL,0,NULL,"2024-11-24 07:37:00","1 day","2024-11-25 07:37:00","binary data",NULL,NULL,NULL,NULL,NULL,NULL,NULL,NULL,NULL,NULL,NULL,NULL,NULL,NULL,NULL
"intrv249202400000001",False,"A2 seco","0","0","Vidange générateur.Vérification des paramètres électrique et mécanique.Essai générateur à vide et en charge.",NULL,NULL,NULL,NULL,NULL,NULL,NULL,NULL,NULL,NULL,NULL,NULL,"agent179202400000002",NULL,"cintr137202400000001","projt572024000000001","2024-09-24 12:11:08.0513",NULL,1,0,32,NULL,NULL,NULL,NULL,NULL,NULL,NULL,NULL,NULL,NULL,NULL,NULL,NULL,NULL,NULL,NULL,NULL,NULL,NULL,NULL,NULL,NULL
"intrv249202400000002",False,"TFB","0","0","poignée de la porte auditorium défectueux.","binary data","binary data",NULL,NULL,NULL,NULL,NULL,NULL,NULL,NULL,NULL,NULL,"agent189202400000006",NULL,"cintr137202400000001","projt572024000000001","2024-09-24 12:13:12.261151",NULL,1,0,33,NULL,NULL,NULL,NULL,NULL,NULL,NULL,NULL,NULL,NULL,NULL,NULL,NULL,NULL,NULL,NULL,NULL,NULL,NULL,NULL,NULL,NULL
"intrv249202400000003",False,"RTC pôle 43","0","0","pôle 43 dépoussiérage.batteries oxydée",NULL,"binary data",NULL,NULL,NULL,NULL,NULL,NULL,NULL,NULL,NULL,NULL,"agent189202400000006",NULL,"cintr137202400000001","projt572024000000001","2024-09-24 12:23:05.486183",NULL,1,0,34,NULL,NULL,NULL,NULL,NULL,NULL,NULL,NULL,NULL,NULL,NULL,NULL,NULL,NULL,NULL,NULL,NULL,NULL,NULL,NULL,NULL,NULL
"intrv249202400000004",False,"RTC","0","0","maintenance des box télécom des pôles 47,48,49A et des box télécom de RTC.","binary data","binary data",NULL,NULL,NULL,NULL,NULL,NULL,NULL,NULL,NULL,NULL,"agent189202400000006",NULL,"cintr137202400000001","projt572024000000001","2024-09-24 12:32:58.386433",NULL,1,0,35,NULL,NULL,NULL,NULL,NULL,NULL,NULL,NULL,NULL,NULL,NULL,NULL,NULL,NULL,NULL,NULL,NULL,NULL,NULL,NULL,NULL,NULL
"intrv249202400000005",False,"parc à bois/ RTC","0","0","maintenance des box telecom des pôles du parc à bois et des pôles de RTC. N.B : les batteries du pôle 43 sont à remplacer","binary data",NULL,NULL,NULL,NULL,NULL,NULL,NULL,NULL,NULL,NULL,NULL,"agent189202400000005",NULL,"cintr137202400000002","projt572024000000001","2024-09-24 13:02:03.117575",NULL,1,0,36,NULL,NULL,NULL,NULL,NULL,NULL,NULL,NULL,NULL,NULL,NULL,NULL,NULL,NULL,NULL,NULL,NULL,NULL,NULL,NULL,NULL,NULL
"intrv251020240000001",False,"pôle 22 et pôle 24","0","0","Caméras down","binary data","binary data","Remise en service pôle 22 et 24.",NULL,"2024-10-25 12:07:00","2024-10-25 12:07:00",NULL,NULL,NULL,NULL,NULL,"agent179202400000002","agent179202400000002","agent179202400000002","cintr137202400000002","projt572024000000001","2024-10-25 12:10:21.551124","2024-10-30 17:38:30.849464",6,0,148,NULL,0,NULL,"2024-10-25 12:07:00","1 day","2024-10-26 12:07:00","binary data","binary data",NULL,NULL,NULL,NULL,NULL,NULL,NULL,NULL,NULL,NULL,NULL,NULL,NULL,NULL
"intrv269202400000001",False,"Gate A3","0","0","Vidange du générateur: remplacement des filtres à huile, filtre â gasoil, nettoyage filtreà Air, rattrapage liquide de refroidissement, nettoyage du générateur et et dépoussiérage du coffret électrique ","binary data","binary data",NULL,NULL,NULL,NULL,NULL,NULL,NULL,NULL,NULL,NULL,"agent189202400000003",NULL,"cintr137202400000001","projt572024000000001","2024-09-26 17:24:48.464912",NULL,1,0,37,NULL,NULL,NULL,NULL,NULL,NULL,NULL,NULL,NULL,NULL,NULL,NULL,NULL,NULL,NULL,NULL,NULL,NULL,NULL,NULL,NULL,NULL
"intrv269202400000002",True,"Gate A3","0","0","batteries oxydées : A chaque coupure d'électricité les barrières se bloquent et les caméras sont hors service. le système de production de titres d'accès est bloqué. besoin que ces batteries soient remplacées","binary data","binary data",NULL,NULL,NULL,NULL,NULL,NULL,NULL,NULL,NULL,NULL,"agent189202400000003",NULL,"cintr137202400000002","projt572024000000001","2024-09-26 17:28:38.79073",NULL,1,0,38,NULL,NULL,NULL,NULL,NULL,NULL,NULL,NULL,NULL,NULL,NULL,NULL,NULL,NULL,NULL,NULL,NULL,NULL,NULL,NULL,NULL,NULL
"intrv279202400000001",False,"A3","0","0","porte coffre barrière levante entrante endommagé ",NULL,NULL,NULL,NULL,NULL,NULL,NULL,NULL,NULL,NULL,NULL,NULL,"agent189202400000004",NULL,"cintr137202400000001","projt572024000000001","2024-09-27 08:36:45.590802",NULL,1,0,39,NULL,NULL,NULL,NULL,NULL,NULL,NULL,NULL,NULL,NULL,NULL,NULL,NULL,NULL,NULL,NULL,NULL,NULL,NULL,NULL,NULL,NULL
"intrv279202400000002",True,"Pôle 50 Wood Terminal","0","0","Le box Telecom plante a chaque coupure d'électricité. ",NULL,NULL,NULL,NULL,NULL,NULL,NULL,NULL,NULL,NULL,NULL,NULL,"agent179202400000001",NULL,"cintr137202400000001","projt572024000000001","2024-09-27 08:48:05.600856",NULL,1,0,40,NULL,NULL,NULL,NULL,NULL,NULL,NULL,NULL,NULL,NULL,NULL,NULL,NULL,NULL,NULL,NULL,NULL,NULL,NULL,NULL,NULL,NULL
"intrv279202400000003",True,"Gate A3","0","0","L'UPS du Telecom Box 2 plante à chaque coupure d'électricité. ce qui perturbe sérieusement la vente des accès journalier.",NULL,NULL,NULL,NULL,NULL,NULL,NULL,NULL,NULL,NULL,NULL,NULL,"agent179202400000001",NULL,"cintr137202400000001","projt572024000000001","2024-09-27 08:50:11.6108",NULL,1,0,41,NULL,NULL,NULL,NULL,NULL,NULL,NULL,NULL,NULL,NULL,NULL,NULL,NULL,NULL,NULL,NULL,NULL,NULL,NULL,NULL,NULL,NULL
"intrv279202400000004",False,"pôle 50","0","0","caméra offline ",NULL,NULL,NULL,NULL,NULL,NULL,NULL,NULL,NULL,NULL,NULL,NULL,"agent189202400000004",NULL,"cintr137202400000002","projt572024000000001","2024-09-27 09:08:06.998057",NULL,1,0,42,NULL,NULL,NULL,NULL,NULL,NULL,NULL,NULL,NULL,NULL,NULL,NULL,NULL,NULL,NULL,NULL,NULL,NULL,NULL,NULL,NULL,NULL
"intrv279202400000005",False,"pôle 23","0","0","caméra offline ",NULL,NULL,NULL,NULL,NULL,NULL,NULL,NULL,NULL,NULL,NULL,NULL,"agent189202400000004",NULL,"cintr137202400000002","projt572024000000001","2024-09-27 09:13:54.291249",NULL,1,0,43,NULL,NULL,NULL,NULL,NULL,NULL,NULL,NULL,NULL,NULL,NULL,NULL,NULL,NULL,NULL,NULL,NULL,NULL,NULL,NULL,NULL,NULL
"intrv279202400000006",False,"pôle 50","0","0","onduleur planté; batteries oxydées nécessitant changement au plus vite ","binary data","binary data",NULL,NULL,NULL,NULL,NULL,NULL,NULL,NULL,NULL,NULL,"agent189202400000010",NULL,"cintr137202400000002","projt572024000000001","2024-09-27 11:09:08.487685",NULL,1,0,44,NULL,NULL,NULL,NULL,NULL,NULL,NULL,NULL,NULL,NULL,NULL,NULL,NULL,NULL,NULL,NULL,NULL,NULL,NULL,NULL,NULL,NULL
"intrv279202400000007",False,"pole23","0","0","le Switch semble avoir perdu la configuration,nous menons un diagnostic plus poussé.","binary data","binary data",NULL,NULL,NULL,NULL,NULL,NULL,NULL,NULL,NULL,NULL,"agent189202400000010",NULL,"cintr137202400000002","projt572024000000001","2024-09-27 11:10:56.368733",NULL,1,0,45,NULL,NULL,NULL,NULL,NULL,NULL,NULL,NULL,NULL,NULL,NULL,NULL,NULL,NULL,NULL,NULL,NULL,NULL,NULL,NULL,NULL,NULL
"intrv279202400000008",False,"CP9","0","0","Vidange générateur.","binary data","binary data",NULL,NULL,NULL,NULL,NULL,NULL,NULL,NULL,NULL,NULL,"agent179202400000002",NULL,"cintr137202400000001","projt572024000000001","2024-09-27 12:33:22.848454",NULL,1,0,46,NULL,NULL,NULL,NULL,NULL,NULL,NULL,NULL,NULL,NULL,NULL,NULL,NULL,NULL,NULL,NULL,NULL,NULL,NULL,NULL,NULL,NULL
"intrv279202400000009",False,"TFB","0","0","climatiseurs qui suinte","binary data",NULL,"test planning",NULL,NULL,NULL,NULL,NULL,NULL,NULL,NULL,"agent108202400000006","agent269202400000001","agent108202400000009","cintr235202400000001","projt572024000000001","2024-09-27 16:04:05.997781","2024-10-10 18:47:55.907",2,0,47,NULL,0,NULL,"2024-10-11 08:00:00","05:00:00","2024-10-11 13:00:00",NULL,NULL,NULL,NULL,NULL,NULL,NULL,NULL,NULL,NULL,NULL,NULL,NULL,NULL,NULL,NULL
"intrv289202400000001",False,"A3","0","0","remplacement d'une lampe défectueuse Gate A3","binary data",NULL,NULL,NULL,NULL,NULL,NULL,NULL,NULL,NULL,NULL,NULL,"agent189202400000006",NULL,"cintr137202400000001","projt572024000000001","2024-09-28 15:37:29.342402",NULL,1,0,48,NULL,NULL,NULL,NULL,NULL,NULL,NULL,NULL,NULL,NULL,NULL,NULL,NULL,NULL,NULL,NULL,NULL,NULL,NULL,NULL,NULL,NULL
"intrv289202400000002",False,"B3","0","0","remplacement d'un lampe défectueuse Gate B3","binary data",NULL,NULL,NULL,NULL,NULL,NULL,NULL,NULL,NULL,NULL,NULL,"agent189202400000006",NULL,"cintr137202400000001","projt572024000000001","2024-09-28 15:40:42.140464",NULL,1,0,49,NULL,NULL,NULL,NULL,NULL,NULL,NULL,NULL,NULL,NULL,NULL,NULL,NULL,NULL,NULL,NULL,NULL,NULL,NULL,NULL,NULL,NULL
"intrv289202400000003",False,"A1","0","0","remplacement d'une lampe défectueuse Gate A1","binary data",NULL,NULL,NULL,NULL,NULL,NULL,NULL,NULL,NULL,NULL,NULL,"agent189202400000006",NULL,"cintr137202400000001","projt572024000000001","2024-09-28 15:42:39.73083",NULL,1,0,50,NULL,NULL,NULL,NULL,NULL,NULL,NULL,NULL,NULL,NULL,NULL,NULL,NULL,NULL,NULL,NULL,NULL,NULL,NULL,NULL,NULL,NULL
"intrv289202400000004",False,"TFB","0","0","la cuisine RDC du TFB, ajout des boulons et ronde pour mieux fixer le robinet qui a été décroché.","binary data","binary data",NULL,NULL,NULL,NULL,NULL,NULL,NULL,NULL,NULL,NULL,"agent189202400000006",NULL,"cintr137202400000001","projt572024000000001","2024-09-28 15:53:25.152225",NULL,1,0,51,NULL,NULL,NULL,NULL,NULL,NULL,NULL,NULL,NULL,NULL,NULL,NULL,NULL,NULL,NULL,NULL,NULL,NULL,NULL,NULL,NULL,NULL
"intrv298202400000001",True,"BATIMENT DES ARCHIVES","0","0","Finalisation des travaux d'étancheité sur toiture batiment des archives dans la zone Salle de traitement + Correction des Parties de Placo endommagés suite aux infiltrations des eaux",NULL,NULL,"METTRE LA FLASH BANDE OU IL EXISTE L'ECOULEMENT D'EAU",NULL,NULL,NULL,NULL,NULL,NULL,NULL,NULL,"agent982024000000001","agent982024000000001",NULL,"cintr137202400000004","projt188202400000007","2024-08-29 11:00:02.71099","2024-09-02 17:26:59.433168",2,1,15,NULL,1,NULL,NULL,NULL,NULL,NULL,NULL,NULL,NULL,NULL,NULL,NULL,NULL,NULL,NULL,NULL,NULL,NULL,NULL,NULL,NULL
"intrv298202400000002",True,"DOMAINE PORTUAIRE","0","0","Pose des panneaux signalétiques validés dans le domaine portuaire (Implantation+ Pose sur site)","binary data","binary data","UTULISER LES PLANS POUR FAIRE LES FONDATIONS",NULL,NULL,NULL,NULL,NULL,NULL,NULL,NULL,"agent117202400000005","agent982024000000001",NULL,"cintr137202400000004","projt188202400000007","2024-08-29 11:01:44.237142","2024-09-02 17:18:08.144407",2,1,16,NULL,1,NULL,NULL,NULL,NULL,NULL,NULL,NULL,NULL,NULL,NULL,NULL,NULL,NULL,NULL,NULL,NULL,NULL,NULL,NULL,NULL
"intrv298202400000003",True,"DANGOTE","0","0","Pose des pales sur cloture Impass II enlevés dans la zone DANGOTE","binary data","binary data","METTRE DES NOUVEAUX BOULONS SINON SOUDER ",NULL,NULL,NULL,NULL,NULL,NULL,NULL,NULL,"agent117202400000006","agent982024000000001",NULL,"cintr137202400000004","projt188202400000007","2024-08-29 11:03:52.928997","2024-09-02 16:59:23.262099",2,1,17,NULL,1,NULL,NULL,NULL,NULL,NULL,NULL,NULL,NULL,NULL,NULL,NULL,NULL,NULL,NULL,NULL,NULL,NULL,NULL,NULL,NULL
"intrv298202400000004",False,"immeuble siège 7eme etages","0","0","issue de secours défectueux ","binary data",NULL,NULL,NULL,NULL,NULL,NULL,NULL,NULL,NULL,NULL,NULL,"agent572024000000001",NULL,"cintr137202400000001","projt188202400000007","2024-08-29 11:59:35.543038",NULL,1,0,18,NULL,NULL,NULL,NULL,NULL,NULL,NULL,NULL,NULL,NULL,NULL,NULL,NULL,NULL,NULL,NULL,NULL,NULL,NULL,NULL,NULL,NULL
"intrv308202400000001",False,"dps","0","0","refaire sticker vhl","binary data",NULL,NULL,NULL,NULL,NULL,NULL,NULL,NULL,NULL,NULL,NULL,"agent572024000000001",NULL,"cintr235202400000002","projt188202400000007","2024-08-30 08:27:53.765505",NULL,1,0,19,NULL,NULL,NULL,NULL,NULL,NULL,NULL,NULL,NULL,NULL,NULL,NULL,NULL,NULL,NULL,NULL,NULL,NULL,NULL,NULL,NULL,NULL
"intrv310202400000001",False,"tg1","0","0","problème avec la barrière levante ","binary data","binary data",NULL,NULL,NULL,NULL,NULL,NULL,NULL,NULL,NULL,NULL,"agent189202400000004",NULL,"cintr137202400000001","projt572024000000001","2024-10-03 18:12:18.391052",NULL,1,0,52,NULL,NULL,NULL,NULL,NULL,NULL,NULL,NULL,NULL,NULL,NULL,NULL,NULL,NULL,NULL,NULL,NULL,NULL,NULL,NULL,NULL,NULL
"intrv311020240000001",False,"TR2 Parc socomar","0","0","Générateur tourne en continue.presence alarme fail to stop sur le controller","binary data",NULL,"Vérification du câblage électrique,selinoïde pompe à injection et la pompe à gasoil.Pompe à gasoil ne fonctionne pas normalement et besoin d'étre remplacer.",NULL,"2024-10-31 15:11:00","2024-10-31 15:11:00",NULL,NULL,NULL,NULL,NULL,"agent179202400000002","agent179202400000002","agent179202400000002","cintr241020240000001","projt572024000000001","2024-10-31 15:17:38.770275","2024-10-31 15:17:38.945178",5,0,149,NULL,0,NULL,"2024-10-31 15:11:00","1 day","2024-11-01 15:11:00",NULL,NULL,NULL,NULL,NULL,NULL,NULL,NULL,NULL,NULL,NULL,NULL,NULL,NULL,NULL,NULL
"intrv410202400000001",False,"pôle 17 et pôle 18 ","0","0","batterie oxydé ","binary data","binary data",NULL,NULL,NULL,NULL,NULL,NULL,NULL,NULL,NULL,NULL,"agent189202400000004",NULL,"cintr137202400000002","projt572024000000001","2024-10-04 07:37:36.020685",NULL,1,0,53,NULL,NULL,NULL,NULL,NULL,NULL,NULL,NULL,NULL,NULL,NULL,NULL,NULL,NULL,NULL,NULL,NULL,NULL,NULL,NULL,NULL,NULL
"intrv492024000000001",False,"a1","0","0","remettre Jersey plus peinture","binary data",NULL,NULL,NULL,NULL,NULL,NULL,NULL,NULL,NULL,NULL,NULL,"agent572024000000001",NULL,"cintr137202400000001",NULL,"2024-09-04 09:32:54.147993",NULL,1,0,20,NULL,NULL,NULL,NULL,NULL,NULL,NULL,NULL,NULL,NULL,NULL,NULL,NULL,NULL,NULL,NULL,NULL,NULL,NULL,NULL,NULL,NULL
"intrv711202400000001",False,"cp1","0","0","camera non visuel","binary data",NULL,NULL,NULL,NULL,NULL,NULL,NULL,NULL,NULL,NULL,NULL,"agent572024000000001",NULL,"cintr235202400000006","projt572024000000001","2024-11-07 09:51:45.762989",NULL,1,0,151,NULL,NULL,NULL,NULL,NULL,NULL,NULL,NULL,NULL,NULL,NULL,NULL,NULL,NULL,NULL,NULL,NULL,NULL,NULL,NULL,NULL,NULL
"intrv711202400000002",False,"New Archive","0","0","Niveau gasoil réserve bas.","binary data","binary data","Réapprovisionnement générateur New Archive en gasoil 1000litres.",NULL,"2024-11-07 16:26:00","2024-11-07 16:26:00",NULL,NULL,NULL,NULL,NULL,"agent179202400000002","agent179202400000002","agent179202400000002","cintr241020240000001","projt572024000000001","2024-11-07 16:29:08.536755","2024-11-16 11:20:05.239832",6,0,152,NULL,0,NULL,"2024-11-07 16:26:00","1 day","2024-11-08 16:26:00","binary data","binary data","binary data",NULL,NULL,NULL,NULL,NULL,NULL,NULL,NULL,NULL,NULL,NULL,NULL,NULL
"intrv792024000000001",False,"bessengue","0","0","mettre une clôture provisoire sur check point brûler. ",NULL,NULL,NULL,NULL,NULL,NULL,NULL,NULL,NULL,NULL,NULL,NULL,"agent572024000000001",NULL,"cintr137202400000004","projt572024000000003","2024-09-07 01:34:19.908397",NULL,1,0,21,NULL,NULL,NULL,NULL,NULL,NULL,NULL,NULL,NULL,NULL,NULL,NULL,NULL,NULL,NULL,NULL,NULL,NULL,NULL,NULL,NULL,NULL
"intrv810202400000001",True,"test","0","0","test pb",NULL,NULL,"test solution",NULL,NULL,NULL,NULL,NULL,NULL,NULL,NULL,"agent572024000000001","agent572024000000001","agent572024000000001","cintr235202400000003","projt572024000000005","2024-10-08 00:54:12.850751","2024-10-08 00:54:13.19863",2,0,54,NULL,0,NULL,"2024-10-08 00:50:00","1 day","2024-10-09 00:50:00",NULL,NULL,NULL,NULL,NULL,NULL,NULL,NULL,NULL,NULL,NULL,NULL,NULL,NULL,NULL,NULL
"intrv810202400000002",False,"rzs 2","0","0","rad",NULL,NULL,"ras",NULL,NULL,NULL,NULL,NULL,NULL,NULL,NULL,"agent572024000000001","agent572024000000001","agent572024000000001","cintr118202400000001","projt572024000000001","2024-10-08 01:23:53.929323","2024-10-08 01:23:54.355103",2,0,55,NULL,0,NULL,"2024-10-08 01:21:00","2 days","2024-10-10 01:21:00",NULL,NULL,NULL,NULL,NULL,NULL,NULL,NULL,NULL,NULL,NULL,NULL,NULL,NULL,NULL,NULL
"intrv811202400000001",False,"Gate B1","0","0","problème de court-circuit éclairage intérieur du box Gate B1","binary data","binary data","remplacement du câble électrique et recablage de l'installation ",NULL,"2024-11-08 15:57:00","2024-11-08 15:57:00",NULL,NULL,NULL,NULL,NULL,"agent189202400000003","agent189202400000003","agent189202400000003","cintr137202400000001",NULL,"2024-11-08 16:00:21.884455","2024-11-08 16:10:37.282077",6,0,153,NULL,0,NULL,"2024-11-08 15:57:00","1 day","2024-11-09 15:57:00",NULL,NULL,NULL,NULL,NULL,NULL,NULL,NULL,NULL,NULL,NULL,NULL,NULL,NULL,NULL,NULL
"intrv811202400000002",False,"Gate B1","0","0","absence de lumière à l'intérieur du box Gate B1","binary data","binary data","passage d'un nouveau câble et cablage du circuit d'éclairage.",NULL,"2024-11-08 16:03:00","2024-11-08 16:03:00",NULL,NULL,NULL,NULL,NULL,"agent189202400000003","agent189202400000003","agent189202400000003","cintr137202400000001","projt572024000000001","2024-11-08 16:05:21.226455","2024-11-08 16:10:17.311675",6,0,154,NULL,0,NULL,"2024-11-08 16:03:00","1 day","2024-11-09 16:03:00","binary data",NULL,NULL,NULL,NULL,NULL,NULL,NULL,NULL,NULL,NULL,NULL,NULL,NULL,NULL,NULL
"intrv992024000000001",False,"kribi","0","0","recyclage",NULL,NULL,"recyclage",NULL,NULL,NULL,NULL,NULL,NULL,"null",NULL,"agent572024000000001","agent572024000000001","agent572024000000002","cintr128202400000001","projt572024000000002","2024-09-09 12:03:41.255568","2024-09-09 12:16:19.622178",2,0,22,NULL,0,NULL,"2024-09-18 07:00:00","08:00:00","2024-09-18 15:00:00",NULL,NULL,NULL,NULL,NULL,NULL,NULL,NULL,NULL,NULL,NULL,NULL,NULL,NULL,NULL,NULL
"intrv992024000000002",False,"kribi","0","0","recyclage",NULL,NULL,"",NULL,NULL,NULL,NULL,NULL,NULL,"null",NULL,"agent572024000000001","agent572024000000001","agent572024000000002","cintr128202400000001","projt572024000000002","2024-09-09 12:06:15.690704","2024-09-09 12:15:27.861307",2,0,23,NULL,0,NULL,"2024-09-20 07:00:00","08:00:00","2024-09-20 15:00:00",NULL,NULL,NULL,NULL,NULL,NULL,NULL,NULL,NULL,NULL,NULL,NULL,NULL,NULL,NULL,NULL
"intrv992024000000003",False,"kribi","0","0","exercice",NULL,NULL,"",NULL,NULL,NULL,NULL,NULL,NULL,NULL,NULL,"agent572024000000001","agent572024000000001","agent572024000000002","cintr992024000000001","projt572024000000002","2024-09-09 12:07:38.927172","2024-09-09 12:14:16.494572",2,0,24,NULL,0,NULL,"2024-09-20 23:00:00","02:00:00","2024-09-21 01:00:00",NULL,NULL,NULL,NULL,NULL,NULL,NULL,NULL,NULL,NULL,NULL,NULL,NULL,NULL,NULL,NULL
"intrv992024000000004",False,"dps","0","0","recyclage",NULL,NULL,"SM1",NULL,NULL,NULL,NULL,NULL,NULL,"null",NULL,"agent572024000000001","agent572024000000001","agent572024000000002","cintr128202400000001","projt572024000000001","2024-09-09 12:17:12.134483","2024-09-09 12:23:54.669682",2,0,25,NULL,0,NULL,"2024-09-18 07:00:00","08:00:00","2024-09-18 15:00:00",NULL,NULL,NULL,NULL,NULL,NULL,NULL,NULL,NULL,NULL,NULL,NULL,NULL,NULL,NULL,NULL
"intrv992024000000005",False,"dps","0","0","recyclage",NULL,NULL,"SM3",NULL,NULL,NULL,NULL,NULL,NULL,"null",NULL,"agent572024000000001","agent572024000000001","agent572024000000002","cintr128202400000001","projt572024000000001","2024-09-09 12:17:33.118045","2024-09-09 12:23:12.885091",2,0,26,NULL,0,NULL,"2024-09-19 23:00:00","08:00:00","2024-09-20 07:00:00",NULL,NULL,NULL,NULL,NULL,NULL,NULL,NULL,NULL,NULL,NULL,NULL,NULL,NULL,NULL,NULL
"intrv992024000000006",False,"dps","0","0","simulation d intrusion",NULL,NULL,"EXERCICE",NULL,NULL,NULL,NULL,NULL,NULL,"null",NULL,"agent572024000000001","agent572024000000001","agent572024000000002","cintr992024000000001","projt572024000000001","2024-09-09 12:18:02.260828","2024-09-09 12:24:31.785229",2,0,27,NULL,0,NULL,"2024-09-23 22:00:00","01:00:00","2024-09-23 23:00:00",NULL,NULL,NULL,NULL,NULL,NULL,NULL,NULL,NULL,NULL,NULL,NULL,NULL,NULL,NULL,NULL
"intrv992024000000007",False,"dps","0","0","recyclages SM2",NULL,NULL,"",NULL,NULL,NULL,NULL,NULL,NULL,NULL,NULL,"agent572024000000001","agent572024000000001","agent572024000000002","cintr128202400000001","projt572024000000001","2024-09-09 12:20:36.506071","2024-09-09 12:21:08.809968",2,0,28,NULL,0,NULL,"2024-09-22 07:00:00","08:00:00","2024-09-22 15:00:00",NULL,NULL,NULL,NULL,NULL,NULL,NULL,NULL,NULL,NULL,NULL,NULL,NULL,NULL,NULL,NULL
