"codevehicule","nom","fabricant","immat","observ","statut","motif","vidange","marge","total","image","avant","droite","gauche","descr","codetvehicule","codecvehicule","codesecteur","datecrea","dateupda","etat","card","ord","arriere","pvidange","datelimassur","datelimvisite","datelimcarteg","datelimstat","fichier1","fichier2","fichier3","fichier4","fichier5","fichier6","fichier7","fichier8","details","position","longitude","latitude","prixpjour","prixpheure","prixpkm","location","reservation","dpc","garage","transmat","agentchauffeur"
"vehic128202400000001","DUSTER 140","DUSTER","CE 845 MC",NULL,1,NULL,17085,200,1001,"binary data",NULL,NULL,NULL,"RAS","tvehi294202400000001","cvehi294202400000001",NULL,"2024-08-12 18:33:01.493127","2024-08-12 19:09:43.809642",1,0,81,NULL,NULL,NULL,NULL,NULL,NULL,NULL,NULL,NULL,NULL,NULL,NULL,NULL,NULL,NULL,NULL,NULL,NULL,NULL,NULL,NULL,NULL,NULL,NULL,NULL,NULL,NULL
"vehic128202400000002","DUSTER 130","DUSTER","CE 838 MC",NULL,1,NULL,10000,200,1002,"binary data",NULL,NULL,NULL,"RAS","tvehi294202400000001","cvehi294202400000001",NULL,"2024-08-12 18:33:01.493127","2024-08-12 19:09:13.832479",1,0,82,NULL,NULL,NULL,NULL,NULL,NULL,NULL,NULL,NULL,NULL,NULL,NULL,NULL,NULL,NULL,NULL,NULL,NULL,NULL,NULL,NULL,NULL,NULL,NULL,NULL,NULL,NULL
"vehic128202400000003","HILUX 110","TOYOTA","CE 157 LD",NULL,1,NULL,74773,200,1800,"binary data",NULL,NULL,NULL,"RAS","tvehi294202400000002","cvehi294202400000001",NULL,"2024-08-12 18:33:01.493127","2024-08-12 19:07:43.082576",2,3,83,NULL,"799",NULL,NULL,NULL,NULL,NULL,NULL,NULL,NULL,NULL,NULL,NULL,NULL,NULL,NULL,NULL,NULL,NULL,NULL,NULL,NULL,NULL,NULL,NULL,NULL,NULL
"vehic128202400000004","HILUX 100","TOYOTA","CE 155 LD",NULL,1,NULL,63090,200,1500,"binary data",NULL,NULL,NULL,"RAS","tvehi294202400000002","cvehi294202400000001",NULL,"2024-08-12 18:33:01.493127","2024-08-12 19:07:15.550191",2,1,84,NULL,"496",NULL,NULL,NULL,NULL,NULL,NULL,NULL,NULL,NULL,NULL,NULL,NULL,NULL,NULL,NULL,NULL,NULL,NULL,NULL,NULL,NULL,NULL,NULL,NULL,NULL
"vehic128202400000005","HILUX 120","TOYOTA","CE 153 LD","collision",2,NULL,55776,200,1200,"binary data",NULL,NULL,NULL,"RAS","tvehi294202400000002","cvehi294202400000001",NULL,"2024-08-12 18:33:01.493127","2024-08-12 19:06:49.924898",2,4,85,NULL,"195",NULL,NULL,NULL,NULL,NULL,NULL,NULL,NULL,NULL,NULL,NULL,NULL,NULL,NULL,NULL,NULL,NULL,NULL,NULL,NULL,NULL,NULL,NULL,NULL,NULL
"vehic128202400000006","LAND CRUISER 50","TOYOTA","CE 304 LR",NULL,1,NULL,102226,200,1006,"binary data",NULL,NULL,NULL,"RAS","tvehi294202400000002","cvehi294202400000001",NULL,"2024-08-12 18:33:01.493127","2024-08-12 19:05:16.303212",1,0,86,NULL,NULL,NULL,NULL,NULL,NULL,NULL,NULL,NULL,NULL,NULL,NULL,NULL,NULL,NULL,NULL,NULL,NULL,NULL,NULL,NULL,NULL,NULL,NULL,NULL,NULL,NULL
"vehic128202400000007","LAND CRUISER 60","TOYOTA","CE 156 LD","ABS et L'anti patinage s'affichent sur le tableau de bord.le gyrophare hs",3,NULL,105528,200,106631,"binary data",NULL,NULL,NULL,"RAS","tvehi294202400000002","cvehi294202400000001",NULL,"2024-08-12 18:33:01.493127","2024-08-12 19:04:48.870791",2,9,87,NULL,"105624",NULL,NULL,NULL,NULL,NULL,NULL,NULL,NULL,NULL,NULL,NULL,NULL,NULL,NULL,NULL,NULL,NULL,NULL,NULL,NULL,NULL,NULL,NULL,NULL,NULL
"vehic128202400000008","LAND CRUISER 80","TOYOTA","CE 800 MF",NULL,1,NULL,51242,200,1008,"binary data",NULL,NULL,NULL,"RAS","tvehi294202400000002","cvehi294202400000001",NULL,"2024-08-12 18:33:01.493127","2024-08-12 19:04:20.829488",1,1,88,NULL,NULL,NULL,NULL,NULL,NULL,NULL,NULL,NULL,NULL,NULL,NULL,NULL,NULL,NULL,NULL,NULL,NULL,NULL,NULL,NULL,NULL,NULL,NULL,NULL,NULL,NULL
"vehic128202400000009","LAND CRUISER 40","TOYOTA","CE 154 LD",NULL,1,NULL,92896,200,1009,"binary data",NULL,NULL,NULL,"RAS","tvehi294202400000002","cvehi294202400000001",NULL,"2024-08-12 18:33:01.493127","2024-08-12 19:03:51.493585",1,0,89,NULL,NULL,NULL,NULL,NULL,NULL,NULL,NULL,NULL,NULL,NULL,NULL,NULL,NULL,NULL,NULL,NULL,NULL,NULL,NULL,NULL,NULL,NULL,NULL,NULL,NULL,NULL
"vehic128202400000010","LAND CRUISER 70","TOYOTA","CE 160 LD",NULL,1,NULL,120337,200,1010,"binary data",NULL,NULL,NULL,"RAS","tvehi294202400000002","cvehi294202400000001",NULL,"2024-08-12 18:33:01.493127","2024-08-12 19:03:13.262743",1,0,90,NULL,NULL,NULL,NULL,NULL,NULL,NULL,NULL,NULL,NULL,NULL,NULL,NULL,NULL,NULL,NULL,NULL,NULL,NULL,NULL,NULL,NULL,NULL,NULL,NULL,NULL,NULL
"vehic128202400000011","LAND CRUISER 30","TOYOTA","CE 159 LD",NULL,1,NULL,82309,200,1011,"binary data",NULL,NULL,NULL,"RAS","tvehi294202400000002","cvehi294202400000001",NULL,"2024-08-12 18:33:01.493127","2024-08-12 19:02:41.196891",1,0,91,NULL,NULL,NULL,NULL,NULL,NULL,NULL,NULL,NULL,NULL,NULL,NULL,NULL,NULL,NULL,NULL,NULL,NULL,NULL,NULL,NULL,NULL,NULL,NULL,NULL,NULL,NULL
"vehic128202400000012","BUS 90","TOYOTA","CE 451 LD",NULL,1,NULL,35944,200,1012,"binary data",NULL,NULL,NULL,"RAS","tvehi294202400000006","cvehi294202400000001",NULL,"2024-08-12 18:33:01.493127","2024-08-12 19:14:24.842835",2,1,92,NULL,NULL,NULL,NULL,NULL,NULL,NULL,NULL,NULL,NULL,NULL,NULL,NULL,NULL,NULL,NULL,NULL,NULL,NULL,NULL,NULL,NULL,NULL,NULL,NULL,NULL,NULL
"vehic128202400000013","BUS 80","TOYOTA","CE 453 LD",NULL,1,NULL,30556,200,1013,"binary data",NULL,NULL,NULL,"RAS","tvehi294202400000006","cvehi294202400000001",NULL,"2024-08-12 18:33:01.493127","2024-08-12 19:13:57.683479",1,0,93,NULL,NULL,NULL,NULL,NULL,NULL,NULL,NULL,NULL,NULL,NULL,NULL,NULL,NULL,NULL,NULL,NULL,NULL,NULL,NULL,NULL,NULL,NULL,NULL,NULL,NULL,NULL
"vehic128202400000014","BUS HYUNDAI","HYUNDAI","CE 844 MC",NULL,1,NULL,14231,200,1014,"binary data",NULL,NULL,NULL,"RAS","tvehi294202400000006","cvehi294202400000001",NULL,"2024-08-12 18:33:01.493127","2024-08-12 19:01:32.707267",1,0,94,NULL,NULL,NULL,NULL,NULL,NULL,NULL,NULL,NULL,NULL,NULL,NULL,NULL,NULL,NULL,NULL,NULL,NULL,NULL,NULL,NULL,NULL,NULL,NULL,NULL,NULL,NULL
"vehic128202400000015","BUS YUTONG","YUTONG","CE 371 ML",NULL,1,NULL,41742,200,1015,"binary data",NULL,NULL,NULL,"RAS","tvehi294202400000006","cvehi294202400000001",NULL,"2024-08-12 18:33:01.493127","2024-08-12 19:00:22.241952",1,0,95,NULL,NULL,NULL,NULL,NULL,NULL,NULL,NULL,NULL,NULL,NULL,NULL,NULL,NULL,NULL,NULL,NULL,NULL,NULL,NULL,NULL,NULL,NULL,NULL,NULL,NULL,NULL
"vehic128202400000016","SCANNER","camionnette","neant",NULL,1,NULL,45632,200,1016,NULL,NULL,NULL,NULL,"RAS",NULL,NULL,NULL,"2024-08-12 18:33:01.493127",NULL,1,0,96,NULL,NULL,NULL,NULL,NULL,NULL,NULL,NULL,NULL,NULL,NULL,NULL,NULL,NULL,NULL,NULL,NULL,NULL,NULL,NULL,NULL,NULL,NULL,NULL,NULL,NULL,NULL
"vehic128202400000017","moto 20","scooter","20",NULL,1,NULL,123,200,1017,NULL,NULL,NULL,NULL,"RAS",NULL,NULL,NULL,"2024-08-12 18:33:01.493127",NULL,1,0,97,NULL,NULL,NULL,NULL,NULL,NULL,NULL,NULL,NULL,NULL,NULL,NULL,NULL,NULL,NULL,NULL,NULL,NULL,NULL,NULL,NULL,NULL,NULL,NULL,NULL,NULL,NULL
"vehic128202400000018","moto 30","scooter","30",NULL,1,NULL,321,200,1018,NULL,NULL,NULL,NULL,"RAS","tvehi982024000000001","cvehi982024000000001",NULL,"2024-08-12 18:33:01.493127","2024-08-12 18:53:11.872525",1,0,98,NULL,NULL,NULL,NULL,NULL,NULL,NULL,NULL,NULL,NULL,NULL,NULL,NULL,NULL,NULL,NULL,NULL,NULL,NULL,NULL,NULL,NULL,NULL,NULL,NULL,NULL,NULL
"vehic982024000000001","HILUX","TOYOTA","EN 700 AP",NULL,1,NULL,10000,200,70507,"binary data","binary data","binary data","binary data","","tvehi294202400000002","cvehi294202400000001",NULL,"2024-08-09 11:28:13.579898","2024-08-09 16:37:35.195623",1,0,1,"binary data",NULL,NULL,NULL,NULL,NULL,NULL,NULL,NULL,NULL,NULL,NULL,NULL,NULL,NULL,NULL,NULL,NULL,NULL,NULL,NULL,NULL,NULL,NULL,NULL,NULL,NULL
"vehic982024000000003","LAND CRUISER","TOYOTA","CE 264 NA","portière arrière gauche bloqué ",3,NULL,10000,200,320194,"binary data","binary data","binary data","binary data","","tvehi294202400000002","cvehi294202400000001","secte317202400000003","2024-08-09 11:28:13.579898","2024-10-21 11:18:38.747867",2,9,3,"binary data","310194","2024-12-14","2025-01-18","2024-12-27","2024-12-30",NULL,NULL,NULL,NULL,NULL,NULL,NULL,NULL,NULL,NULL,NULL,NULL,NULL,NULL,NULL,NULL,NULL,NULL,NULL,NULL,"agent982024000000003"
"vehic982024000000004","HARDBODY","NISSAN","LT 560 HO",NULL,1,NULL,10000,200,93378,"binary data","binary data","binary data","binary data","","tvehi294202400000002","cvehi294202400000001",NULL,"2024-08-09 11:28:13.579898","2024-08-09 16:34:26.863853",1,0,4,"binary data",NULL,NULL,NULL,NULL,NULL,NULL,NULL,NULL,NULL,NULL,NULL,NULL,NULL,NULL,NULL,NULL,NULL,NULL,NULL,NULL,NULL,NULL,NULL,NULL,NULL,NULL
"vehic982024000000005","HARDBODY","NISSAN","LT 470 IY",NULL,1,NULL,10000,200,93378,"binary data",NULL,NULL,NULL,"","tvehi294202400000002","cvehi672024000000001",NULL,"2024-08-09 11:28:13.579898","2024-08-11 10:20:17.26348",1,0,5,NULL,NULL,NULL,NULL,NULL,NULL,NULL,NULL,NULL,NULL,NULL,NULL,NULL,NULL,NULL,NULL,NULL,NULL,NULL,NULL,NULL,NULL,NULL,NULL,NULL,NULL,NULL
"vehic982024000000006","HARDBODY","NISSAN","LT 496 IZ",NULL,1,NULL,10000,200,97370,"binary data","binary data","binary data","binary data","","tvehi294202400000002","cvehi294202400000001","secte317202400000003","2024-08-09 11:28:13.579898","2024-08-18 17:57:50.603956",1,4,6,"binary data","3992",NULL,NULL,NULL,NULL,NULL,NULL,NULL,NULL,NULL,NULL,NULL,NULL,NULL,NULL,NULL,NULL,NULL,NULL,NULL,NULL,NULL,NULL,NULL,NULL,"agent982024000000003"
"vehic982024000000007","HARDBODY","NISSAN","LT 011 JD",NULL,4,NULL,10000,200,149693,"binary data","binary data","binary data","binary data","","tvehi294202400000002","cvehi294202400000001","secte317202400000003","2024-08-09 11:28:13.579898","2024-10-21 11:08:35.882597",2,39,7,"binary data","56315","2024-11-08","2025-03-06","2024-12-04","2024-12-30",NULL,NULL,NULL,NULL,NULL,NULL,NULL,NULL,NULL,NULL,NULL,NULL,NULL,NULL,NULL,NULL,NULL,NULL,NULL,NULL,"agent982024000000004"
"vehic982024000000008","HARDBODY","NISSAN","AD 248 AP",NULL,1,NULL,10000,200,93378,"binary data","binary data","binary data","binary data","","tvehi294202400000002","cvehi294202400000001",NULL,"2024-08-09 11:28:13.579898","2024-08-09 19:02:10.074902",1,0,8,"binary data",NULL,NULL,NULL,NULL,NULL,NULL,NULL,NULL,NULL,NULL,NULL,NULL,NULL,NULL,NULL,NULL,NULL,NULL,NULL,NULL,NULL,NULL,NULL,NULL,NULL,"agent117202400000001"
"vehic982024000000009","HARDBODY","NISSAN","CE 024 NE",NULL,1,NULL,10000,200,93378,"binary data",NULL,NULL,NULL,"","tvehi294202400000002","cvehi294202400000001",NULL,"2024-08-09 11:28:13.579898","2024-10-21 12:12:30.633355",1,0,9,NULL,NULL,"2024-12-14","2025-03-18","2024-12-04","2024-12-30",NULL,NULL,NULL,NULL,NULL,NULL,NULL,NULL,NULL,NULL,NULL,NULL,NULL,NULL,NULL,NULL,NULL,NULL,NULL,NULL,NULL
"vehic982024000000010","HARDBODY","NISSAN","AD 687 AP",NULL,1,NULL,10000,200,93378,"binary data",NULL,NULL,NULL,"","tvehi294202400000002","cvehi294202400000001",NULL,"2024-08-09 11:28:13.579898","2024-08-11 10:19:07.472048",1,0,10,NULL,NULL,NULL,NULL,NULL,NULL,NULL,NULL,NULL,NULL,NULL,NULL,NULL,NULL,NULL,NULL,NULL,NULL,NULL,NULL,NULL,NULL,NULL,NULL,NULL,NULL,NULL
"vehic982024000000011","HARDBODY","NISSAN","AD 965 AP",NULL,1,NULL,10000,200,93378,"binary data","binary data","binary data","binary data","","tvehi294202400000002","cvehi294202400000001","secte317202400000003","2024-08-09 11:28:13.579898","2024-08-18 17:58:25.105795",1,2,11,"binary data",NULL,NULL,NULL,NULL,NULL,NULL,NULL,NULL,NULL,NULL,NULL,NULL,NULL,NULL,NULL,NULL,NULL,NULL,NULL,NULL,NULL,NULL,NULL,NULL,NULL,NULL
"vehic982024000000012","HARDBODY","NISSAN","AD 338 AQ",NULL,1,NULL,10000,200,93378,"binary data",NULL,NULL,NULL,"","tvehi294202400000002","cvehi294202400000001",NULL,"2024-08-09 11:28:13.579898","2024-10-21 14:47:04.945389",1,0,12,NULL,NULL,"2024-12-14","2025-03-05","2025-01-15","2024-12-30",NULL,NULL,NULL,NULL,NULL,NULL,NULL,NULL,NULL,NULL,NULL,NULL,NULL,NULL,NULL,NULL,NULL,NULL,NULL,NULL,"agent108202400000001"
"vehic982024000000013","HARDBODY","NISSAN","CE 226 LL",NULL,1,NULL,10000,200,93378,"binary data",NULL,NULL,NULL,"","tvehi294202400000002","cvehi294202400000001",NULL,"2024-08-09 11:28:13.579898","2024-10-21 14:47:56.766514",1,0,13,NULL,NULL,"2024-11-08","2025-02-22","2024-12-27","2024-12-30",NULL,NULL,NULL,NULL,NULL,NULL,NULL,NULL,NULL,NULL,NULL,NULL,NULL,NULL,NULL,NULL,NULL,NULL,NULL,NULL,NULL
"vehic982024000000014","HARDBODY","NISSAN","CE 750 MW",NULL,1,NULL,10000,200,93378,"binary data",NULL,NULL,NULL,"","tvehi294202400000002","cvehi294202400000001",NULL,"2024-08-09 11:28:13.579898","2024-10-21 15:38:14.605333",1,0,14,NULL,NULL,"2024-11-08","2025-02-07","2025-01-03","2024-12-30",NULL,NULL,NULL,NULL,NULL,NULL,NULL,NULL,NULL,NULL,NULL,NULL,NULL,NULL,NULL,NULL,NULL,NULL,NULL,NULL,NULL
"vehic982024000000015","HARDBODY","NISSAN","CE 811 MZ",NULL,1,NULL,10000,200,93378,"binary data",NULL,NULL,NULL,"","tvehi294202400000002","cvehi294202400000001",NULL,"2024-08-09 11:28:13.579898","2024-10-21 17:42:07.626866",1,0,15,NULL,NULL,"2024-11-08","2025-02-28","2025-01-15","2024-12-30",NULL,NULL,NULL,NULL,NULL,NULL,NULL,NULL,NULL,NULL,NULL,NULL,NULL,NULL,NULL,NULL,NULL,NULL,NULL,NULL,NULL
"vehic982024000000016","LAND CRUISER","TOYOTA","LT 038 JH",NULL,1,NULL,10000,200,99443,NULL,NULL,NULL,NULL,"","tvehi294202400000001","cvehi294202400000001",NULL,"2024-08-09 11:28:13.579898","2024-10-21 11:17:39.208969",2,5,16,NULL,"6065","2024-12-14","2025-01-02","2024-12-27","2024-12-30",NULL,NULL,NULL,NULL,NULL,NULL,NULL,NULL,NULL,NULL,NULL,NULL,NULL,NULL,NULL,NULL,NULL,NULL,NULL,NULL,NULL
"vehic982024000000017","DUSTER","RENAULT","CE 453 MK",NULL,1,NULL,10000,200,93378,"binary data",NULL,NULL,NULL,"","tvehi294202400000001","cvehi294202400000001",NULL,"2024-08-09 11:28:13.579898","2024-10-21 17:02:11.825054",1,0,17,NULL,NULL,"2025-02-02","2025-01-23",NULL,"2024-12-30",NULL,NULL,NULL,NULL,NULL,NULL,NULL,NULL,NULL,NULL,NULL,NULL,NULL,NULL,NULL,NULL,NULL,NULL,NULL,NULL,NULL
"vehic982024000000018","HILUX","TOYOTA","CE 147 IN",NULL,1,NULL,10000,200,93378,"binary data",NULL,NULL,NULL,"","tvehi294202400000002","cvehi294202400000001",NULL,"2024-08-09 11:28:13.579898","2024-10-21 15:33:46.78877",1,0,18,NULL,NULL,"2024-11-08","2025-02-02",NULL,"2024-12-30",NULL,NULL,NULL,NULL,NULL,NULL,NULL,NULL,NULL,NULL,NULL,NULL,NULL,NULL,NULL,NULL,NULL,NULL,NULL,NULL,NULL
"vehic982024000000019","HILUX","TOYOTA","EN 703 AP",NULL,1,NULL,10000,200,93378,"binary data",NULL,NULL,NULL,"","tvehi294202400000002","cvehi294202400000001",NULL,"2024-08-09 11:28:13.579898","2024-10-21 11:09:54.107189",1,0,19,NULL,NULL,"2024-11-08","2025-02-22","2024-12-04","2024-12-30",NULL,NULL,NULL,NULL,NULL,NULL,NULL,NULL,NULL,NULL,NULL,NULL,NULL,NULL,NULL,NULL,NULL,NULL,NULL,NULL,NULL
"vehic982024000000020","HILUX","TOYOTA","CE 326 MN",NULL,4,NULL,10000,200,153114,"binary data","binary data","binary data","binary data","","tvehi294202400000002","cvehi294202400000001",NULL,"2024-08-09 11:28:13.579898","2024-10-21 11:15:13.274969",2,36,20,"binary data","60346","2024-11-08","2024-11-21","2024-11-21","2024-12-30",NULL,NULL,NULL,NULL,NULL,NULL,NULL,NULL,NULL,NULL,NULL,NULL,NULL,NULL,NULL,NULL,NULL,NULL,NULL,NULL,"agent572024000000002"
"vehic982024000000021","VAN","RENAULT","AD 997 AP",NULL,1,NULL,10000,200,93378,NULL,NULL,NULL,NULL,NULL,NULL,NULL,NULL,"2024-08-09 11:28:13.579898","2024-10-23 17:34:20.429422",1,0,21,NULL,NULL,"2024-11-08","2024-02-09","2024-03-13","2024-06-30",NULL,NULL,NULL,NULL,NULL,NULL,NULL,NULL,NULL,NULL,NULL,NULL,NULL,NULL,NULL,NULL,NULL,NULL,NULL,NULL,NULL
"vehic982024000000022","MITSUBISHI","MITSUBISHI","CE 542 OB",NULL,4,NULL,10000,200,13900,"binary data",NULL,NULL,NULL,"","tvehi294202400000002","cvehi294202400000001",NULL,"2024-08-09 11:28:13.579898","2024-10-21 15:35:50.726408",2,12,22,NULL,"86278","2024-11-08",NULL,"2024-08-31",NULL,NULL,NULL,NULL,NULL,NULL,NULL,NULL,NULL,NULL,NULL,NULL,NULL,NULL,NULL,NULL,NULL,NULL,NULL,NULL,NULL,NULL
"vehic982024000000023","PRADO","TOYOTA","CE 635 HY",NULL,1,NULL,10000,200,93378,"binary data",NULL,NULL,NULL,"","tvehi294202400000001","cvehi294202400000001",NULL,"2024-08-09 11:28:13.579898","2024-10-21 15:39:55.278954",1,0,23,NULL,NULL,"2025-04-30","2025-07-22",NULL,NULL,NULL,NULL,NULL,NULL,NULL,NULL,NULL,NULL,NULL,NULL,NULL,NULL,NULL,NULL,NULL,NULL,NULL,NULL,NULL,NULL,NULL
"vehic982024000000024","PRADO 2","TOYOTA","CE 072 LP",NULL,1,NULL,10000,200,93378,"binary data",NULL,NULL,NULL,"","tvehi294202400000001","cvehi294202400000001",NULL,"2024-08-09 11:28:13.579898","2024-10-21 15:40:57.172777",1,0,24,NULL,NULL,"2025-04-27",NULL,NULL,NULL,NULL,NULL,NULL,NULL,NULL,NULL,NULL,NULL,NULL,NULL,NULL,NULL,NULL,NULL,NULL,NULL,NULL,NULL,NULL,NULL,NULL
"vehic982024000000025","BL11DO","NISSAN","CE 422 NM",NULL,1,NULL,10000,200,93378,NULL,NULL,NULL,NULL,NULL,NULL,NULL,NULL,"2024-08-09 11:28:13.579898","2024-10-21 15:42:53.484187",1,0,25,NULL,NULL,"2024-11-08",NULL,NULL,NULL,NULL,NULL,NULL,NULL,NULL,NULL,NULL,NULL,NULL,NULL,NULL,NULL,NULL,NULL,NULL,NULL,NULL,NULL,NULL,NULL,NULL
"vehic982024000000026","BL11DO","NISSAN","CE 419NM",NULL,1,NULL,10000,200,93378,NULL,NULL,NULL,NULL,NULL,NULL,NULL,NULL,"2024-08-09 11:28:13.579898","2024-10-21 15:27:23.555741",1,0,26,NULL,NULL,"2024-11-08",NULL,NULL,NULL,NULL,NULL,NULL,NULL,NULL,NULL,NULL,NULL,NULL,NULL,NULL,NULL,NULL,NULL,NULL,NULL,NULL,NULL,NULL,NULL,NULL
"vehic982024000000027","PAJERO","TOYOTA","CE 245 NK",NULL,1,NULL,10000,200,93378,"binary data",NULL,NULL,NULL,"","tvehi294202400000001","cvehi294202400000001",NULL,"2024-08-09 11:28:13.579898","2024-10-21 15:42:04.588427",1,0,27,NULL,NULL,"2024-11-08",NULL,"2025-01-03",NULL,NULL,NULL,NULL,NULL,NULL,NULL,NULL,NULL,NULL,NULL,NULL,NULL,NULL,NULL,NULL,NULL,NULL,NULL,NULL,NULL,NULL
"vehic982024000000028","PRADO","TOYOTA","LT 016 JD",NULL,1,NULL,10000,200,93378,"binary data",NULL,NULL,NULL,"","tvehi294202400000001","cvehi294202400000001",NULL,"2024-08-09 11:28:13.579898","2024-08-11 10:22:55.528434",1,0,28,NULL,NULL,NULL,NULL,NULL,NULL,NULL,NULL,NULL,NULL,NULL,NULL,NULL,NULL,NULL,NULL,NULL,NULL,NULL,NULL,NULL,NULL,NULL,NULL,NULL,NULL,NULL
"vehic982024000000029","PRADO","TOYOTA","LT 017 JD",NULL,1,NULL,10000,200,93378,"binary data",NULL,NULL,NULL,"","tvehi294202400000001","cvehi294202400000001",NULL,"2024-08-09 11:28:13.579898","2024-10-21 15:26:31.202842",1,0,29,NULL,NULL,"2025-06-25","2025-04-26",NULL,NULL,NULL,NULL,NULL,NULL,NULL,NULL,NULL,NULL,NULL,NULL,NULL,NULL,NULL,NULL,NULL,NULL,NULL,NULL,NULL,NULL,NULL
"vehic982024000000030","FORTUNER","TOYOTA","CE 226 JX",NULL,1,NULL,10000,200,93378,"binary data","binary data","binary data","binary data","","tvehi294202400000001","cvehi294202400000001",NULL,"2024-08-09 11:28:13.579898","2024-08-09 19:16:53.622022",1,0,30,"binary data",NULL,NULL,NULL,NULL,NULL,NULL,NULL,NULL,NULL,NULL,NULL,NULL,NULL,NULL,NULL,NULL,NULL,NULL,NULL,NULL,NULL,NULL,NULL,NULL,NULL,"agent872024000000001"
"vehic982024000000031","FORTUNER","TOYOTA","CE 476 KA",NULL,1,NULL,10000,200,93378,"binary data",NULL,NULL,NULL,"","tvehi294202400000001","cvehi294202400000001",NULL,"2024-08-09 11:28:13.579898","2024-10-21 15:44:04.385345",1,0,31,NULL,NULL,"2024-11-08","2025-09-05",NULL,NULL,NULL,NULL,NULL,NULL,NULL,NULL,NULL,NULL,NULL,NULL,NULL,NULL,NULL,NULL,NULL,NULL,NULL,NULL,NULL,NULL,NULL
"vehic982024000000032","DUSTER","DACIA","CE 545 JR",NULL,4,NULL,10000,200,3000,"binary data",NULL,NULL,NULL,"","tvehi294202400000001","cvehi294202400000001",NULL,"2024-08-09 11:28:13.579898","2024-10-21 15:47:14.395889",2,2,32,NULL,"92378","2024-11-08","2024-08-17","2024-09-21",NULL,NULL,NULL,NULL,NULL,NULL,NULL,NULL,NULL,NULL,NULL,NULL,NULL,NULL,NULL,NULL,NULL,NULL,NULL,NULL,NULL,NULL
"vehic982024000000033","DUSTER","DACIA","CE 546 JR",NULL,4,NULL,10000,200,5000,"binary data",NULL,NULL,NULL,"","tvehi294202400000001","cvehi294202400000001",NULL,"2024-08-09 11:28:13.579898","2024-10-21 15:48:42.018485",2,2,33,NULL,"96378","2024-06-29","2024-08-17","2024-05-08",NULL,NULL,NULL,NULL,NULL,NULL,NULL,NULL,NULL,NULL,NULL,NULL,NULL,NULL,NULL,NULL,NULL,NULL,NULL,NULL,NULL,NULL
"vehic982024000000034","DUSTER","DACIA","CE 142 JU",NULL,1,NULL,10000,200,93378,"binary data",NULL,NULL,NULL,"","tvehi294202400000001","cvehi294202400000001",NULL,"2024-08-09 11:28:13.579898","2024-10-21 12:14:54.818378",1,0,34,NULL,NULL,"2024-11-08","2024-07-20","2024-12-10",NULL,NULL,NULL,NULL,NULL,NULL,NULL,NULL,NULL,NULL,NULL,NULL,NULL,NULL,NULL,NULL,NULL,NULL,NULL,NULL,NULL,NULL
"vehic982024000000035","ELECTRIC CAR NETA, CHAO 400 LITE Zachari","NETA","CE 062 NW",NULL,1,NULL,10000,200,93378,"binary data",NULL,NULL,NULL,"",NULL,NULL,NULL,"2024-08-09 11:28:13.579898","2024-10-23 17:35:46.941825",1,0,35,NULL,NULL,"2024-03-17",NULL,"2024-07-26",NULL,NULL,NULL,NULL,NULL,NULL,NULL,NULL,NULL,NULL,NULL,NULL,NULL,NULL,NULL,NULL,NULL,NULL,NULL,NULL,NULL,NULL
"vehic982024000000036","HINO 300","HINO","CE 328 MN",NULL,1,NULL,10000,200,93378,"binary data",NULL,NULL,NULL,"","tvehi294202400000007","cvehi294202400000001","secte317202400000002","2024-08-09 11:28:13.579898","2024-10-23 17:37:00.834317",1,0,36,NULL,NULL,"2024-11-08","2024-11-30","2024-11-12",NULL,NULL,NULL,NULL,NULL,NULL,NULL,NULL,NULL,NULL,NULL,NULL,NULL,NULL,NULL,NULL,NULL,NULL,NULL,NULL,NULL,NULL
"vehic982024000000037","HOWO FOURGON","HOWO","LT 471 IY",NULL,4,NULL,10000,200,118435,"binary data",NULL,NULL,NULL,"","tvehi294202400000007","cvehi294202400000001","secte317202400000002","2024-08-09 11:28:13.579898","2024-10-21 10:06:09.819605",2,22,37,NULL,"25057","2024-11-08","2025-02-20","2024-12-04","2024-12-30",NULL,NULL,NULL,NULL,NULL,NULL,NULL,NULL,NULL,NULL,NULL,NULL,NULL,NULL,NULL,NULL,NULL,NULL,NULL,NULL,NULL
"vehic982024000000038","MERCEDES 3340 TRAILER","MERCEDES","CETR 112 AF",NULL,1,NULL,10000,200,93378,"binary data",NULL,NULL,NULL,"","tvehi294202400000003","cvehi672024000000001","secte317202400000002","2024-08-09 11:28:13.579898","2024-10-21 10:07:55.744444",1,0,38,NULL,NULL,"2024-11-08","2024-10-25","2025-01-15","2024-12-30",NULL,NULL,NULL,NULL,NULL,NULL,NULL,NULL,NULL,NULL,NULL,NULL,NULL,NULL,NULL,NULL,NULL,NULL,NULL,NULL,NULL
"vehic982024000000039","RENAULT HIAB Orange","RENAULT","ENTR 393 AA",NULL,1,NULL,10000,200,93378,"binary data",NULL,NULL,NULL,"","tvehi294202400000003","cvehi672024000000001",NULL,"2024-08-09 11:28:13.579898","2024-10-23 17:37:58.410229",1,0,39,NULL,NULL,"2024-11-08","2024-11-08","2025-01-03","2024-12-30",NULL,NULL,NULL,NULL,NULL,NULL,NULL,NULL,NULL,NULL,NULL,NULL,NULL,NULL,NULL,NULL,NULL,NULL,NULL,NULL,NULL
"vehic982024000000040","RENAULT HIAB Yellow","RENAULT","EN 950 AN",NULL,1,NULL,10000,200,93378,"binary data",NULL,NULL,NULL,"","tvehi294202400000003","cvehi672024000000001",NULL,"2024-08-09 11:28:13.579898","2024-08-11 10:29:54.964098",1,0,40,NULL,NULL,NULL,NULL,NULL,NULL,NULL,NULL,NULL,NULL,NULL,NULL,NULL,NULL,NULL,NULL,NULL,NULL,NULL,NULL,NULL,NULL,NULL,NULL,NULL,NULL,NULL
"vehic982024000000041","RENAULT HIAB Red","RENAULT","EN 925 AN",NULL,1,NULL,10000,200,93378,"binary data",NULL,NULL,NULL,"","tvehi294202400000003","cvehi672024000000001","secte317202400000002","2024-08-09 11:28:13.579898","2024-10-21 10:20:30.62176",1,0,41,NULL,NULL,"2024-11-08","2025-04-14","2025-01-15","2024-12-30",NULL,NULL,NULL,NULL,NULL,NULL,NULL,NULL,NULL,NULL,NULL,NULL,NULL,NULL,NULL,NULL,NULL,NULL,NULL,NULL,NULL
"vehic982024000000042","SINOTRUCK HIAB White","SINOTRUCK","CE 764 MW",NULL,1,NULL,10000,200,93378,"binary data",NULL,NULL,NULL,"","tvehi294202400000003","cvehi672024000000001","secte317202400000002","2024-08-09 11:28:13.579898","2024-10-22 14:57:02.703164",1,0,42,NULL,NULL,"2024-11-08","2024-11-04","2024-12-27","2024-12-30",NULL,NULL,NULL,NULL,NULL,NULL,NULL,NULL,NULL,NULL,NULL,NULL,NULL,NULL,NULL,NULL,NULL,NULL,NULL,NULL,NULL
"vehic982024000000043","TRAILER RENAULT Truck","TRAILER","ENTR 331 AA",NULL,1,NULL,10000,200,93378,"binary data",NULL,NULL,NULL,"","tvehi294202400000003","cvehi672024000000001","secte317202400000002","2024-08-09 11:28:13.579898","2024-10-21 10:21:57.715319",1,0,43,NULL,NULL,"2024-11-08","2025-01-17","2024-12-27","2024-12-30",NULL,NULL,NULL,NULL,NULL,NULL,NULL,NULL,NULL,NULL,NULL,NULL,NULL,NULL,NULL,NULL,NULL,NULL,NULL,NULL,NULL
"vehic982024000000044","SEMI-REMORQUE 1","SEMI-REMORQUE","CESR 017 AD",NULL,1,NULL,10000,200,93378,NULL,NULL,NULL,NULL,"","tvehi294202400000004","cvehi672024000000001","secte317202400000002","2024-08-09 11:28:13.579898","2024-08-11 20:31:28.89112",1,0,44,NULL,NULL,NULL,NULL,NULL,NULL,NULL,NULL,NULL,NULL,NULL,NULL,NULL,NULL,NULL,NULL,NULL,NULL,NULL,NULL,NULL,NULL,NULL,NULL,NULL,NULL,NULL
"vehic982024000000045","SEMI-REMORQUE 2 (PLATEAU)","SEMI","CESR 560 AD",NULL,1,NULL,10000,200,93378,"binary data",NULL,NULL,NULL,"","tvehi294202400000004","cvehi672024000000001","secte317202400000002","2024-08-09 11:28:13.579898","2024-10-21 10:58:54.537545",1,0,45,NULL,NULL,"2024-11-08","2025-01-17","2025-01-15","2024-12-30",NULL,NULL,NULL,NULL,NULL,NULL,NULL,NULL,NULL,NULL,NULL,NULL,NULL,NULL,NULL,NULL,NULL,NULL,NULL,NULL,NULL
"vehic982024000000046","SEMI REMORQUE PORTE CHARGE JOLUSO","SEMI","CESR 561 AD",NULL,1,NULL,10000,200,93378,"binary data",NULL,NULL,NULL,"","tvehi294202400000004","cvehi672024000000001",NULL,"2024-08-09 11:28:13.579898","2024-10-21 10:15:22.903585",1,0,46,NULL,NULL,"2024-11-08","2024-12-04","2025-01-15","2024-12-30",NULL,NULL,NULL,NULL,NULL,NULL,NULL,NULL,NULL,NULL,NULL,NULL,NULL,NULL,NULL,NULL,NULL,NULL,NULL,NULL,NULL
"vehic982024000000047","HOWO TRUCK BENNE 1","HOWO","CE 330 MN",NULL,1,NULL,10000,200,93378,"binary data",NULL,NULL,NULL,"","tvehi294202400000003","cvehi672024000000001","secte317202400000002","2024-08-09 11:28:13.579898","2024-10-21 10:44:16.865953",1,0,47,NULL,NULL,"2024-11-08","2024-11-29","2025-01-15","2024-12-30",NULL,NULL,NULL,NULL,NULL,NULL,NULL,NULL,NULL,NULL,NULL,NULL,NULL,NULL,NULL,NULL,NULL,NULL,NULL,NULL,NULL
"vehic982024000000048","HOWO TRUCK BENNE 2","HOWO","CE 190 LY",NULL,1,NULL,10000,200,93378,"binary data",NULL,NULL,NULL,"","tvehi294202400000003","cvehi672024000000001",NULL,"2024-08-09 11:28:13.579898","2024-10-21 14:45:20.274657",1,0,48,NULL,NULL,"2024-12-14","2025-03-28","2024-12-04","2024-12-30",NULL,NULL,NULL,NULL,NULL,NULL,NULL,NULL,NULL,NULL,NULL,NULL,NULL,NULL,NULL,NULL,NULL,NULL,NULL,NULL,NULL
"vehic982024000000049","HOWO TRUCK BENNE 3","HOWO","CE 332 MN",NULL,1,NULL,10000,200,93378,"binary data",NULL,NULL,NULL,"","tvehi294202400000003","cvehi672024000000001","secte317202400000002","2024-08-09 11:28:13.579898","2024-10-22 15:55:52.32949",1,0,49,NULL,NULL,"2024-11-08","2025-01-03","2025-01-15","2024-12-30",NULL,NULL,NULL,NULL,NULL,NULL,NULL,NULL,NULL,NULL,NULL,NULL,NULL,NULL,NULL,NULL,NULL,NULL,NULL,NULL,NULL
"vehic982024000000050","HOWO TRUCK BENNE 4","HOWO","CE 702 NH",NULL,1,NULL,10000,200,93378,"binary data",NULL,NULL,NULL,"","tvehi294202400000003","cvehi672024000000001","secte317202400000002","2024-08-09 11:28:13.579898","2024-10-22 16:55:16.311017",1,0,50,NULL,NULL,"2024-12-14","2025-04-17","2025-01-15","2024-12-30",NULL,NULL,NULL,NULL,NULL,NULL,NULL,NULL,NULL,NULL,NULL,NULL,NULL,NULL,NULL,NULL,NULL,NULL,NULL,NULL,NULL
"vehic982024000000051","HOWO TRUCK BENNE 5","HOWO","CE 253 NX",NULL,1,NULL,10000,200,93378,"binary data",NULL,NULL,NULL,"","tvehi294202400000003","cvehi672024000000001","secte317202400000002","2024-08-09 11:28:13.579898","2024-10-22 17:01:02.467095",1,0,51,NULL,NULL,NULL,"2025-12-01",NULL,NULL,NULL,NULL,NULL,NULL,NULL,NULL,NULL,NULL,NULL,NULL,NULL,NULL,NULL,NULL,NULL,NULL,NULL,NULL,NULL,NULL,NULL
"vehic982024000000052","RENAULT CITERNE A CARBURANT","RENAULT","AD 993 AP",NULL,1,NULL,10000,200,93378,"binary data",NULL,NULL,NULL,"","tvehi294202400000003","cvehi672024000000001","secte317202400000002","2024-08-09 11:28:13.579898","2024-10-21 12:17:33.022728",1,0,52,NULL,NULL,"2024-12-14","2025-03-30","2024-12-21","2024-12-30",NULL,NULL,NULL,NULL,NULL,NULL,NULL,NULL,NULL,NULL,NULL,NULL,NULL,NULL,NULL,NULL,NULL,NULL,NULL,NULL,NULL
"vehic982024000000053","CARMIX CONCRETE MIXER","CARMIX","CESE 168 AD",NULL,1,NULL,10000,200,93378,"binary data",NULL,NULL,NULL,"","tvehi672024000000001","cvehi672024000000001",NULL,"2024-08-09 11:28:13.579898","2024-10-22 17:12:07.946729",1,0,53,NULL,NULL,"2024-12-14",NULL,NULL,NULL,NULL,NULL,NULL,NULL,NULL,NULL,NULL,NULL,NULL,NULL,NULL,NULL,NULL,NULL,NULL,NULL,NULL,NULL,NULL,NULL,NULL
"vehic982024000000054","HYSTER 5.00","HYSTER","LTSE 806 AE",NULL,1,NULL,10000,200,93378,"binary data",NULL,NULL,NULL,"","tvehi672024000000001","cvehi672024000000001",NULL,"2024-08-09 11:28:13.579898","2024-08-11 10:17:43.390143",1,0,54,NULL,NULL,NULL,NULL,NULL,NULL,NULL,NULL,NULL,NULL,NULL,NULL,NULL,NULL,NULL,NULL,NULL,NULL,NULL,NULL,NULL,NULL,NULL,NULL,NULL,NULL,NULL
"vehic982024000000055","EXCAVATOR DOOSAN 4","EXCAVATOR","CESE 081 AD",NULL,1,NULL,10000,200,93378,"binary data",NULL,NULL,NULL,"","tvehi672024000000001","cvehi672024000000001","secte317202400000002","2024-08-09 11:28:13.579898","2024-10-22 17:38:14.719143",1,0,55,NULL,NULL,"2024-11-08",NULL,NULL,NULL,NULL,NULL,NULL,NULL,NULL,NULL,NULL,NULL,NULL,NULL,NULL,NULL,NULL,NULL,NULL,NULL,NULL,NULL,NULL,NULL,NULL
"vehic982024000000056","EXCAVATOR DOOSAN 7","EXCAVATOR","CESE 083 AD",NULL,1,NULL,10000,200,93378,"binary data",NULL,NULL,NULL,"","tvehi672024000000001","cvehi672024000000001","secte317202400000002","2024-08-09 11:28:13.579898","2024-10-23 09:42:06.57051",1,1,56,NULL,NULL,"2024-11-08",NULL,NULL,NULL,NULL,NULL,NULL,NULL,NULL,NULL,NULL,NULL,NULL,NULL,NULL,NULL,"10000","1000","100",NULL,NULL,NULL,NULL,NULL,NULL
"vehic982024000000057","BACKHOE JCB","BACKHOE","CESE 086 AD",NULL,1,NULL,10000,200,93378,"binary data",NULL,NULL,NULL,"","tvehi672024000000001","cvehi672024000000001","secte317202400000002","2024-08-09 11:28:13.579898","2024-10-23 09:51:44.536493",1,0,57,NULL,NULL,"2024-11-08",NULL,NULL,NULL,NULL,NULL,NULL,NULL,NULL,NULL,NULL,NULL,NULL,NULL,NULL,NULL,NULL,NULL,NULL,NULL,NULL,NULL,NULL,NULL,NULL
"vehic982024000000058","BACKHOE  432 f","BACKHOE","CESE 080 AD",NULL,1,NULL,10000,200,93378,"binary data",NULL,NULL,NULL,"","tvehi672024000000001","cvehi672024000000001",NULL,"2024-08-09 11:28:13.579898","2024-10-23 09:43:40.888081",1,0,58,NULL,NULL,"2024-11-08",NULL,NULL,NULL,NULL,NULL,NULL,NULL,NULL,NULL,NULL,NULL,NULL,NULL,NULL,NULL,NULL,NULL,NULL,NULL,NULL,NULL,NULL,NULL,NULL
"vehic982024000000059","LOADER 966H","LOADER","CESE 087 AD",NULL,1,NULL,10000,200,93378,"binary data",NULL,NULL,NULL,"","tvehi672024000000001","cvehi672024000000001",NULL,"2024-08-09 11:28:13.579898","2024-10-22 17:07:36.393326",1,0,59,NULL,NULL,"2024-11-08",NULL,NULL,NULL,NULL,NULL,NULL,NULL,NULL,NULL,NULL,NULL,NULL,NULL,NULL,NULL,NULL,NULL,NULL,NULL,NULL,NULL,NULL,NULL,NULL
"vehic982024000000060","EXCAVATRICE CAT A ROUES 318D","EXCAVATRICE","CESE 867 AC",NULL,1,NULL,10000,200,93378,"binary data",NULL,NULL,NULL,"","tvehi672024000000001","cvehi672024000000001",NULL,"2024-08-09 11:28:13.579898","2024-10-22 17:06:40.96379",1,0,60,NULL,NULL,"2024-11-08",NULL,NULL,NULL,NULL,NULL,NULL,NULL,NULL,NULL,NULL,NULL,NULL,NULL,NULL,NULL,NULL,NULL,NULL,NULL,NULL,NULL,NULL,NULL,NULL
"vehic982024000000061","BULLDOSER D7G 2","BULLDOSER","CESE 088 AD",NULL,1,NULL,10000,200,93378,"binary data",NULL,NULL,NULL,"","tvehi672024000000001","cvehi672024000000001",NULL,"2024-08-09 11:28:13.579898","2024-10-22 17:06:00.588298",1,0,61,NULL,NULL,"2024-11-08",NULL,NULL,NULL,NULL,NULL,NULL,NULL,NULL,NULL,NULL,NULL,NULL,NULL,NULL,NULL,NULL,NULL,NULL,NULL,NULL,NULL,NULL,NULL,NULL
"vehic982024000000062","BULLDOSER D7G 1","BULLDOSER","CESE 630 BB",NULL,1,NULL,10000,200,93378,"binary data",NULL,NULL,NULL,"","tvehi672024000000001","cvehi672024000000001","secte317202400000002","2024-08-09 11:28:13.579898","2024-10-22 17:08:19.985332",1,0,62,NULL,NULL,"2024-11-08",NULL,NULL,NULL,NULL,NULL,NULL,NULL,NULL,NULL,NULL,NULL,NULL,NULL,NULL,NULL,NULL,NULL,NULL,NULL,NULL,NULL,NULL,NULL,NULL
"vehic982024000000063","GRADER 130G","GRADER","CESE 084 AD",NULL,1,NULL,10000,200,93378,"binary data",NULL,NULL,NULL,"","tvehi672024000000001","cvehi672024000000001","secte317202400000002","2024-08-09 11:28:13.579898","2024-10-23 09:42:58.858526",1,0,63,NULL,NULL,"2024-11-08",NULL,NULL,NULL,NULL,NULL,NULL,NULL,NULL,NULL,NULL,NULL,NULL,NULL,NULL,NULL,NULL,NULL,NULL,NULL,NULL,NULL,NULL,NULL,NULL
"vehic982024000000064","FINISHER DINAPAC","FINISHER","CESE 085 AD",NULL,1,NULL,10000,200,93378,"binary data",NULL,NULL,NULL,"","tvehi672024000000001","cvehi672024000000001","secte317202400000002","2024-08-09 11:28:13.579898","2024-08-09 19:41:48.339409",1,0,64,NULL,NULL,NULL,NULL,NULL,NULL,NULL,NULL,NULL,NULL,NULL,NULL,NULL,NULL,NULL,NULL,NULL,NULL,NULL,NULL,NULL,NULL,NULL,NULL,NULL,NULL,NULL
"vehic982024000000065","MANITOU 1","MANITOU","LTSE 521 AG",NULL,1,NULL,10000,200,93378,"binary data",NULL,NULL,NULL,"","tvehi672024000000001","cvehi672024000000001","secte317202400000002","2024-08-09 11:28:13.579898","2024-10-22 14:58:11.003648",1,0,65,NULL,NULL,"2024-11-08",NULL,"2024-12-04",NULL,NULL,NULL,NULL,NULL,NULL,NULL,NULL,NULL,NULL,NULL,NULL,NULL,NULL,NULL,NULL,NULL,NULL,NULL,NULL,NULL,NULL
"vehic982024000000066","MANITOU 2","MANITOU","CESE 089 AD",NULL,4,NULL,10000,200,6652,"binary data",NULL,NULL,NULL,"","tvehi672024000000001","cvehi672024000000001","secte317202400000002","2024-08-09 11:28:13.579898","2024-10-22 15:00:32.106051",2,31,66,NULL,"86934","2024-11-08",NULL,"2025-01-15",NULL,NULL,NULL,NULL,NULL,NULL,NULL,NULL,NULL,NULL,NULL,NULL,NULL,NULL,NULL,NULL,NULL,NULL,NULL,NULL,NULL,NULL
"vehic982024000000067","COMPACTOR CAT CS663","COMPACTOR","CESE 079 AD",NULL,1,NULL,10000,200,93378,"binary data",NULL,NULL,NULL,"","tvehi672024000000001","cvehi672024000000001","secte317202400000002","2024-08-09 11:28:13.579898","2024-10-23 09:46:45.808531",1,1,67,NULL,NULL,"2024-11-08",NULL,NULL,NULL,NULL,NULL,NULL,NULL,NULL,NULL,NULL,NULL,NULL,NULL,NULL,NULL,"25000","492",NULL,NULL,NULL,NULL,NULL,NULL,NULL
"vehic982024000000068","ELEVATOR HAULOTTE ROUGE ATI 2","ELEVATOR","ADSE 115 AA",NULL,1,NULL,10000,200,93378,"binary data",NULL,NULL,NULL,"","tvehi672024000000001","cvehi672024000000001","secte317202400000002","2024-08-09 11:28:13.579898","2024-10-22 15:54:37.9071",1,1,68,NULL,NULL,"2024-11-08",NULL,NULL,NULL,NULL,NULL,NULL,NULL,NULL,NULL,NULL,NULL,NULL,NULL,NULL,NULL,"10000","1000",NULL,NULL,NULL,NULL,NULL,NULL,NULL
"vehic982024000000069","ELEVATOR HAULOTTE JAUNE ATI 1","ELEVATOR","CESE 477 BB",NULL,1,NULL,10000,200,93378,"binary data",NULL,NULL,NULL,"","tvehi672024000000001","cvehi672024000000001",NULL,"2024-08-09 11:28:13.579898","2024-10-22 15:54:00.596502",1,0,69,NULL,NULL,"2024-11-08",NULL,NULL,NULL,NULL,NULL,NULL,NULL,NULL,NULL,NULL,NULL,NULL,NULL,NULL,NULL,NULL,NULL,NULL,NULL,NULL,NULL,NULL,NULL,NULL
"vehic982024000000070","CRANE TEREX RT 230","CRANE","CESE 208 AD",NULL,1,NULL,10000,200,93378,"binary data",NULL,NULL,NULL,"","tvehi672024000000001","cvehi672024000000001",NULL,"2024-08-09 11:28:13.579898","2024-10-23 10:05:46.072886",1,0,70,NULL,NULL,"2024-11-08",NULL,"2024-12-01",NULL,NULL,NULL,NULL,NULL,NULL,NULL,NULL,NULL,NULL,NULL,NULL,NULL,NULL,NULL,NULL,NULL,NULL,NULL,NULL,NULL,NULL
"vehic982024000000071","SMALL COMPACTOR BOOMAG 1","SMALL","CESE 491 BD",NULL,1,NULL,10000,200,93378,"binary data",NULL,NULL,NULL,"","tvehi672024000000001","cvehi672024000000001","secte317202400000002","2024-08-09 11:28:13.579898","2024-10-23 09:51:03.843392",1,0,71,NULL,NULL,"2024-11-08",NULL,NULL,NULL,NULL,NULL,NULL,NULL,NULL,NULL,NULL,NULL,NULL,NULL,NULL,NULL,NULL,NULL,NULL,NULL,NULL,NULL,NULL,NULL,NULL
"vehic982024000000072","SMALL COMPACTOR BOOMAG 2","SMALL","CESE 501 BD",NULL,1,NULL,10000,200,93378,"binary data",NULL,NULL,NULL,"","tvehi672024000000001","cvehi672024000000001","secte317202400000002","2024-08-09 11:28:13.579898","2024-10-23 09:47:33.415852",1,0,72,NULL,NULL,"2024-11-08",NULL,NULL,NULL,NULL,NULL,NULL,NULL,NULL,NULL,NULL,NULL,NULL,NULL,NULL,NULL,NULL,NULL,NULL,NULL,NULL,NULL,NULL,NULL,NULL
"vehic982024000000073","MOTO BIKE 1","MOTO","ENMT 326 CI",NULL,1,NULL,10000,200,93378,"binary data",NULL,NULL,NULL,"","tvehi982024000000001","cvehi982024000000001",NULL,"2024-08-09 11:28:13.579898","2024-10-23 17:40:50.85407",1,0,73,NULL,NULL,"2024-11-08",NULL,"2023-12-06",NULL,NULL,NULL,NULL,NULL,NULL,NULL,NULL,NULL,NULL,NULL,NULL,NULL,NULL,NULL,NULL,NULL,NULL,NULL,NULL,NULL,NULL
"vehic982024000000074","MOTO BIKE 2","MOTO","CEMT 446 FT",NULL,1,NULL,10000,200,93378,"binary data",NULL,NULL,NULL,"","tvehi982024000000001","cvehi982024000000001",NULL,"2024-08-09 11:28:13.579898","2024-10-23 17:41:32.029549",1,0,74,NULL,NULL,"2024-11-08",NULL,"2024-10-24",NULL,NULL,NULL,NULL,NULL,NULL,NULL,NULL,NULL,NULL,NULL,NULL,NULL,NULL,NULL,NULL,NULL,NULL,NULL,NULL,NULL,NULL
"vehic982024000000075","MOTO BIKE 3 (PROCUREMENT DOUALA)","MOTO","LTMT 837 EG",NULL,1,NULL,10000,200,93378,"binary data",NULL,NULL,NULL,"","tvehi982024000000001","cvehi982024000000001",NULL,"2024-08-09 11:28:13.579898","2024-08-11 10:10:01.792064",1,0,75,NULL,NULL,NULL,NULL,NULL,NULL,NULL,NULL,NULL,NULL,NULL,NULL,NULL,NULL,NULL,NULL,NULL,NULL,NULL,NULL,NULL,NULL,NULL,NULL,NULL,NULL,NULL
"vehic982024000000076","MOTO BIKE 4  (MECHANIC DOUALA)","MOTO","CEMT 715 E0",NULL,1,NULL,10000,200,93378,"binary data",NULL,NULL,NULL,"","tvehi982024000000001","cvehi982024000000001",NULL,"2024-08-09 11:28:13.579898","2024-08-11 10:10:28.819128",1,0,76,NULL,NULL,NULL,NULL,NULL,NULL,NULL,NULL,NULL,NULL,NULL,NULL,NULL,NULL,NULL,NULL,NULL,NULL,NULL,NULL,NULL,NULL,NULL,NULL,NULL,NULL,NULL
"vehic982024000000077","TRICYCLE","TRICYCLE","LTMT 881 EP",NULL,1,NULL,10000,200,93378,"binary data",NULL,NULL,NULL,"","tvehi982024000000001","cvehi294202400000001",NULL,"2024-08-09 11:28:13.579898","2024-08-11 10:17:03.793996",1,0,77,NULL,NULL,NULL,NULL,NULL,NULL,NULL,NULL,NULL,NULL,NULL,NULL,NULL,NULL,NULL,NULL,NULL,NULL,NULL,NULL,NULL,NULL,NULL,NULL,NULL,NULL,NULL
"vehic982024000000078","MOTO ELECTRIC BIKE 1","MOTO","LTMT 101 ES",NULL,1,NULL,10000,200,93378,"binary data",NULL,NULL,NULL,"","tvehi982024000000001","cvehi982024000000001",NULL,"2024-08-09 11:28:13.579898","2024-08-09 16:22:39.179868",1,0,78,NULL,NULL,NULL,NULL,NULL,NULL,NULL,NULL,NULL,NULL,NULL,NULL,NULL,NULL,NULL,NULL,NULL,NULL,NULL,NULL,NULL,NULL,NULL,NULL,NULL,NULL,NULL
"vehic982024000000079","MOTO ELECTRIC BIKE 2","MOTO","LTMT 102 ES",NULL,1,NULL,10000,200,93378,"binary data","binary data",NULL,"binary data","","tvehi982024000000001","cvehi982024000000001",NULL,"2024-08-09 11:28:13.579898","2024-08-10 08:03:49.480489",1,0,79,"binary data",NULL,NULL,NULL,NULL,NULL,NULL,NULL,NULL,NULL,NULL,NULL,NULL,NULL,NULL,NULL,NULL,NULL,NULL,NULL,NULL,NULL,NULL,NULL,NULL,NULL,NULL
"vehic982024000000080","MOTO ELECTRIC BIKE 3","MOTO","CEMT 555 FJ",NULL,1,NULL,10000,200,93378,"binary data",NULL,NULL,NULL,"","tvehi982024000000001","cvehi982024000000001",NULL,"2024-08-09 11:28:13.579898","2024-10-23 10:07:01.446163",1,0,80,NULL,NULL,"2024-11-08",NULL,NULL,NULL,NULL,NULL,NULL,NULL,NULL,NULL,NULL,NULL,NULL,NULL,NULL,NULL,NULL,NULL,NULL,NULL,NULL,NULL,NULL,NULL,NULL
